id,source_repository,title_repository_record,title_found_on_first_pages,first_author_repository_record,institution_repository_record,funder_repository_record,funding_statement_found,funders_in_funding_statement,funders_named_first20pages,contract_or_handle,year_be,doc_type_repository_record,pages,sha256,record_url,has_abstract_th,chars_abstract_th,has_abstract_en,chars_abstract_en,has_executive_summary,chars_executive_summary,has_acknowledgement,chars_acknowledgement,has_keywords,chars_keywords,has_policy_recommendations,chars_policy_recommendations,has_recommendations,chars_recommendations,has_rq,chars_rq,has_hypothesis,chars_hypothesis,has_objectives,chars_objectives,has_alignment,chars_alignment,has_scope,chars_scope,has_framework,chars_framework,has_definitions,chars_definitions,has_users_section,chars_users_section,has_beneficiaries_section,chars_beneficiaries_section,has_expected_benefit,chars_expected_benefit,has_utilization,chars_utilization,has_outputs,chars_outputs,has_lit_review,chars_lit_review,has_background,chars_background,has_population,chars_population,has_instruments,chars_instruments,has_data_collection,chars_data_collection,has_analysis,chars_analysis,has_ethics,chars_ethics,has_budget,chars_budget,has_workplan,chars_workplan,has_methods,chars_methods,has_results,chars_results,has_discussion_conclusion,chars_discussion_conclusion,has_references,chars_references,has_appendix,chars_appendix,mention_kr,mention_strategy,mention_wwn_plan,mention_trl,mention_srl,mention_users,mention_beneficiaries,mention_policy_rec,mention_ethics_approval,mention_sample_size_basis,mention_informed_consent,mention_expert_validation,mention_limitations,mention_triangulation,mention_budget_amount,objectives_items,rq_count,references_count,references_method,tables_distinct,figures_distinct,grantthai_fields_covered
PSU-003,PSU Knowledge Bank,การใช้สารพอลิอิเล็กโทรไลต์เพื่อเพิ่มประสิทธิภาพสารดึงในการบำบัดน้ำเสียหมึกพิมพ์ด้วยกระบวนการฟอร์เวิร์ดออสโมซิส,1,วัสสา คงนคร,มหาวิทยาลัยสงขลานครินทร์,not in repository record,1,GOV_BUDGET;UNIV_INCOME,,hdl 2016/12676,2561,Technical Report,57,98e9824363c115939bdd8415d765df88a96843053caed1e86441157a266a0c23,https://kb.psu.ac.th/handle/2016/12676,1,1529,1,1292,0,0,0,0,1,80,0,0,0,0,0,0,0,0,1,250,0,0,0,0,0,0,0,0,0,0,0,0,0,0,0,0,0,0,1,7978,1,2176,0,0,0,0,0,0,0,0,0,0,0,0,0,0,1,4147,1,1954,1,6034,0,0,1,346,0,0,0,0,0,0,0,0,0,0,0,0,0,0,1,3,0,0,none,10,34,BUDGET.PLAN.TOTAL;CORE.GENERAL.KEYWORDS_EN;CORE.GENERAL.KEYWORDS_TH;CORE.GENERAL.TOTAL_BUDGET;CORE.NARRATIVE.METHOD;CORE.NARRATIVE.OBJECTIVES;CORE.NARRATIVE.RATIONALE;CORE.NARRATIVE.SUMMARY;CORE.NARRATIVE.THEORY;CORE.RESEARCH.GAP;CORE.RESEARCH.NATIONAL_NEED;CORE.RESEARCH.OBJECTIVES;CORE.RESEARCH.PROBLEM;CORE.RESEARCH.THEORETICAL_FOUNDATIONS;DOC.ATTACHMENTS.DOCUMENTS;METHOD.PLAN.DESIGN
PSU-005,PSU Knowledge Bank,การเคลือบผิวกระจกโซลาร์เซลล์ให้สามารถทำความสะอาดตัวเองได้,1,จันทิมา ชั่งสิริพร,มหาวิทยาลัยสงขลานครินทร์,not in repository record,1,NRC;GOV_BUDGET,NRC,hdl 2016/11849,2561,Technical Report,81,06735db10a451c21183866a96066cdd6cbaf3c0eb4a270c334a05a7280d0a7b5,https://kb.psu.ac.th/handle/2016/11849,1,1470,0,0,0,0,1,301,0,0,0,0,0,0,0,0,0,0,1,462,0,0,1,453,0,0,0,0,0,0,0,0,1,272,0,0,0,0,1,25740,1,3792,0,0,0,0,0,0,0,0,0,0,0,0,0,0,1,6376,1,16373,1,2820,1,5540,1,8465,0,0,0,0,0,0,0,0,0,0,0,0,0,0,0,4,0,30,hanging-indent-estimate,14,35,CORE.NARRATIVE.METHOD;CORE.NARRATIVE.OBJECTIVES;CORE.NARRATIVE.RATIONALE;CORE.NARRATIVE.REFERENCES;CORE.NARRATIVE.SUMMARY;CORE.NARRATIVE.THEORY;CORE.RESEARCH.BOUNDARY_CONDITIONS;CORE.RESEARCH.GAP;CORE.RESEARCH.NATIONAL_NEED;CORE.RESEARCH.OBJECTIVES;CORE.RESEARCH.PROBLEM;CORE.RESEARCH.THEORETICAL_FOUNDATIONS;DOC.ATTACHMENTS.DOCUMENTS;FUND.CALL.AGENCY;METHOD.PLAN.DESIGN;RESULTS.CHAIN.BENEFIT_SUMMARY
PSU-008,PSU Knowledge Bank,การโคลนและศึกษาสมบัติของยีนเลคตินสองชนิด (เลคตินแบบ C และเลคตินที่มีโดเมนไฟบริโนเจน) จากฮีโมไซท์ของกุ้งฟีเนียสที่ตอบสนองต่อการเหนี่ยวนำด้วยเชื้อก่อโรค,1,ประภาพร อุทารพันธุ์,มหาวิทยาลัยสงขลานครินทร์,not in repository record,1,GOV_BUDGET;UNIV_INCOME,TRF_SRI,hdl 2016/12621,2561,Technical Report,27,39e284b86292c3d4d2be67a620752bf993bcd49d81eb6c377bc1e51ac0ee3ff5,https://kb.psu.ac.th/handle/2016/12621,1,1450,1,1732,0,0,1,1853,1,101,0,0,0,0,0,0,0,0,1,1127,0,0,0,0,0,0,0,0,0,0,0,0,0,0,0,0,0,0,0,0,1,7471,0,0,0,0,0,0,0,0,0,0,0,0,0,0,1,11860,1,1759,1,17134,1,2788,0,0,0,0,0,0,0,0,0,0,0,0,0,0,0,0,0,12,0,16,hanging-indent-estimate,0,6,CORE.GENERAL.KEYWORDS_EN;CORE.GENERAL.KEYWORDS_TH;CORE.NARRATIVE.METHOD;CORE.NARRATIVE.OBJECTIVES;CORE.NARRATIVE.RATIONALE;CORE.NARRATIVE.REFERENCES;CORE.NARRATIVE.SUMMARY;CORE.RESEARCH.NATIONAL_NEED;CORE.RESEARCH.OBJECTIVES;CORE.RESEARCH.PROBLEM;FUND.CALL.AGENCY;METHOD.PLAN.DESIGN
PSU-010,PSU Knowledge Bank,ตัวดูดซับของแข็งชนิดใหม่ครัยโอเจลคอมโพสิทกราฟีนออกไซด์เคลือบโพลีไพโรลสำหรับสกัดและเพิ่มความเข้มข้นสารซัลโฟนาไมด์,1,โอภาส บุญเกิด,มหาวิทยาลัยสงขลานครินทร์,not in repository record,1,UNIV_INCOME,,hdl 2016/12322,2561,Technical Report,23,c710ac6d77d0eb37739bc68042b883920f16ec01296e4c3af033d32431eb9372,https://kb.psu.ac.th/handle/2016/12322,1,1350,1,1403,1,33,1,250,0,0,0,0,0,0,0,0,0,0,1,262,0,0,0,0,0,0,0,0,0,0,0,0,0,0,0,0,0,0,0,0,1,3317,0,0,0,0,0,0,0,0,0,0,0,0,0,0,0,0,0,0,1,1316,0,0,1,2781,0,0,0,0,0,0,0,0,0,0,0,0,0,0,0,0,0,0,none,0,0,CORE.NARRATIVE.OBJECTIVES;CORE.NARRATIVE.RATIONALE;CORE.NARRATIVE.SUMMARY;CORE.RESEARCH.NATIONAL_NEED;CORE.RESEARCH.OBJECTIVES;CORE.RESEARCH.PROBLEM;DOC.ATTACHMENTS.DOCUMENTS;FUND.CALL.AGENCY
PSU-014,PSU Knowledge Bank,การพัฒนาเทคโนโลยีการฝากเซลล์สืบพันธุ์ในการเพาะเลี้ยงสัตว์น้ำ,1,วิไลวรรณ โชติเกียรติ,มหาวิทยาลัยสงขลานครินทร์,not in repository record,1,GOV_BUDGET,,hdl 2016/19484,2564,Technical Report,206,edfa8f50ed12931b71345615d2e2a05602ae1471dacacec97b23821db9e95b40,https://kb.psu.ac.th/handle/2016/19484,1,2930,1,3846,0,0,1,4275,1,326,0,0,0,0,0,0,0,0,1,312,0,0,0,0,0,0,0,0,0,0,0,0,0,0,0,0,1,1177,1,10920,1,8025,0,0,0,0,0,0,0,0,0,0,0,0,0,0,1,45073,1,17338,1,7505,1,30053,1,6188,1,1,1,0,0,0,0,0,0,0,0,1,0,0,0,2,0,8,numbered,8,18,CORE.ALIGNMENT.FUND_SELECTION;CORE.ALIGNMENT.POLICY_PATHWAY;CORE.GENERAL.KEYWORDS_EN;CORE.GENERAL.KEYWORDS_TH;CORE.GENERAL.MASTER_PLAN;CORE.NARRATIVE.METHOD;CORE.NARRATIVE.OBJECTIVES;CORE.NARRATIVE.RATIONALE;CORE.NARRATIVE.REFERENCES;CORE.NARRATIVE.SUMMARY;CORE.NARRATIVE.THEORY;CORE.RESEARCH.GAP;CORE.RESEARCH.NATIONAL_NEED;CORE.RESEARCH.OBJECTIVES;CORE.RESEARCH.PROBLEM;CORE.RESEARCH.THEORETICAL_FOUNDATIONS;DOC.ATTACHMENTS.DOCUMENTS;FUND.CALL.AGENCY;FUND.CALL.KEY_RESULTS;METHOD.PLAN.DESIGN;METHOD.PLAN.QUALITY;RESULTS.CHAIN.IMPACTS;RESULTS.CHAIN.OUTCOMES;RESULTS.CHAIN.OUTPUTS
PSU-015,PSU Knowledge Bank,รายงานวิจัยฉบับสมบูรณ์การกักเก็บคาร์บอนในหญ้าทะเล : บทบาทของหญ้าทะเลต่อการเปลี่ยนแปลงของภูมิอากาศโลก,1,อัญชนา ประเทพ,มหาวิทยาลัยสงขลานครินทร์,not in repository record,1,GOV_BUDGET;UNIV_INCOME,,hdl 2016/12361,2561,Technical Report,71,e654b32c335ca371b134ccaacdc32b68ce57019bf1f9305156c99fe00cb39491,https://kb.psu.ac.th/handle/2016/12361,0,0,0,0,0,0,0,0,1,182,1,3634,0,0,0,0,0,0,1,5570,0,0,1,13392,0,0,0,0,0,0,0,0,0,0,1,2898,1,1621,1,1658,1,9261,0,0,0,0,1,13490,0,0,0,0,0,0,0,0,1,12376,1,11637,1,7795,1,9662,0,0,0,0,0,0,0,0,0,1,0,0,0,0,0,0,0,8,0,40,hanging-indent-estimate,6,18,CORE.ALIGNMENT.POLICY_PATHWAY;CORE.GENERAL.KEYWORDS_EN;CORE.GENERAL.KEYWORDS_TH;CORE.NARRATIVE.METHOD;CORE.NARRATIVE.OBJECTIVES;CORE.NARRATIVE.RATIONALE;CORE.NARRATIVE.REFERENCES;CORE.NARRATIVE.THEORY;CORE.RESEARCH.BOUNDARY_CONDITIONS;CORE.RESEARCH.GAP;CORE.RESEARCH.NATIONAL_NEED;CORE.RESEARCH.OBJECTIVES;CORE.RESEARCH.PROBLEM;CORE.RESEARCH.THEORETICAL_FOUNDATIONS;METHOD.PLAN.DATA_COLLECTION;METHOD.PLAN.DESIGN;RESULTS.CHAIN.IMPACTS;RESULTS.CHAIN.OUTCOMES;RESULTS.CHAIN.OUTPUTS;RESULTS.CHAIN.UTILIZATION_DESC;RESULTS.CHAIN.UTILIZATION_DOMAIN
PSU-016,PSU Knowledge Bank,การแยกและคัดเลือกเชื้อเฮเทอโรโทรฟิคไนตริไฟอิงแบคทีเรียทนเค็มสำหรับการเพาะเลี้ยงกุ้ง,1,ยุทธพงษ์ สังข์น้อย,มหาวิทยาลัยสงขลานครินทร์,not in repository record,1,UNIV_INCOME,,hdl 2016/13243,2560,Technical Report,31,ce545b1605a43345b3395384092d94f63ebe1b51de2d6cf5bd91dbfa81f0776b,https://kb.psu.ac.th/handle/2016/13243,1,1454,1,1361,1,35,1,451,0,0,0,0,0,0,0,0,0,0,1,388,0,0,0,0,0,0,0,0,0,0,0,0,0,0,0,0,0,0,0,0,1,1737,0,0,0,0,0,0,0,0,0,0,0,0,0,0,0,0,1,1944,1,1536,1,1474,1,2867,0,0,0,0,0,0,0,0,0,0,0,0,0,0,0,5,0,8,hanging-indent-estimate,14,1,CORE.NARRATIVE.OBJECTIVES;CORE.NARRATIVE.RATIONALE;CORE.NARRATIVE.REFERENCES;CORE.NARRATIVE.SUMMARY;CORE.RESEARCH.NATIONAL_NEED;CORE.RESEARCH.OBJECTIVES;CORE.RESEARCH.PROBLEM;DOC.ATTACHMENTS.DOCUMENTS;FUND.CALL.AGENCY
PSU-017,PSU Knowledge Bank,รายงานวิจัยฉบับสมบูรณ์ชื่อชุดโครงการการสร้างพลังงานสะอาดรูปแบบใหม่และการจัดการพลังงานสำหรับการทำงานด้วยตัวเองของอุปกรณ์พกพาและเครือข่ายไร้สาย,1,นันทกาญจน์ มุรศิต,มหาวิทยาลัยสงขลานครินทร์,not in repository record,1,GOV_BUDGET;UNIV_INCOME,,hdl 2016/11914,2560,Technical Report,57,35e4efe165e9128f5e24df76be5a214c30ceb2fa86c440d7c746f034d5c4bd75,https://kb.psu.ac.th/handle/2016/11914,1,1006,1,4719,0,0,1,555,0,0,0,0,0,0,0,0,0,0,1,677,0,0,0,0,0,0,0,0,0,0,0,0,0,0,0,0,0,0,1,5467,1,2329,0,0,0,0,0,0,0,0,0,0,0,0,0,0,1,806,1,3796,1,4244,1,7373,1,2218,0,1,0,0,0,0,0,0,0,0,0,0,0,0,0,9,0,7,numbered,0,10,CORE.ALIGNMENT.POLICY_PATHWAY;CORE.NARRATIVE.METHOD;CORE.NARRATIVE.OBJECTIVES;CORE.NARRATIVE.RATIONALE;CORE.NARRATIVE.REFERENCES;CORE.NARRATIVE.SUMMARY;CORE.NARRATIVE.THEORY;CORE.RESEARCH.GAP;CORE.RESEARCH.NATIONAL_NEED;CORE.RESEARCH.OBJECTIVES;CORE.RESEARCH.PROBLEM;CORE.RESEARCH.THEORETICAL_FOUNDATIONS;DOC.ATTACHMENTS.DOCUMENTS;FUND.CALL.AGENCY;METHOD.PLAN.DESIGN
PSU-018,PSU Knowledge Bank,การตรวจวัดและวิเคราะห์นิวไคลด์กัมมันตรังสีในดิน เพื่อประเมินการชะล้างและการสะสมของดินในพื้นที่คัดสรรในเขตแอ่งหาดใหญ่,1,ไตรภพ ผ่องสุวรรณ,มหาวิทยาลัยสงขลานครินทร์,not in repository record,1,UNIV_INCOME,,hdl 2016/12620,2560,Technical Report,137,dd2dcd649b7db503c873e498f7dc640d8271b8826501200d6c471beb9dc3b20d,https://kb.psu.ac.th/handle/2016/12620,1,3464,1,16009,0,0,1,2238,1,310,0,0,0,0,0,0,1,0,1,861,0,0,1,848,0,0,0,0,1,0,0,0,1,0,0,0,0,0,1,4080,1,12455,0,0,0,0,0,0,0,0,0,0,0,0,0,0,1,19142,1,50957,1,1892,1,101001,0,0,0,0,0,0,0,0,0,0,0,1,0,0,0,0,0,8,0,51,numbered,10,28,CORE.GENERAL.KEYWORDS_EN;CORE.GENERAL.KEYWORDS_TH;CORE.NARRATIVE.METHOD;CORE.NARRATIVE.OBJECTIVES;CORE.NARRATIVE.RATIONALE;CORE.NARRATIVE.REFERENCES;CORE.NARRATIVE.SUMMARY;CORE.NARRATIVE.THEORY;CORE.RESEARCH.BOUNDARY_CONDITIONS;CORE.RESEARCH.GAP;CORE.RESEARCH.HYPOTHESES;CORE.RESEARCH.NATIONAL_NEED;CORE.RESEARCH.OBJECTIVES;CORE.RESEARCH.PROBLEM;CORE.RESEARCH.THEORETICAL_FOUNDATIONS;FUND.CALL.AGENCY;GEO.AREA.RESEARCH_USERS;METHOD.PLAN.DESIGN;METHOD.PLAN.SAMPLE;RESULTS.CHAIN.BENEFIT_SUMMARY;RESULTS.CHAIN.USERS
PSU-019,PSU Knowledge Bank,อัตราการตกตะกอนช่วงปัจจุบันในทะเลสาบสงขลาโดยวิธีวัดไอโซโทปกัมมันตรังสี ตะกั่ว - 210 และซีเซียม - 137,1,ไตรภพ ผ่องสุวรรณ,มหาวิทยาลัยสงขลานครินทร์,not in repository record,1,GOV_BUDGET;UNIV_INCOME,,hdl 2016/13227,2559,Technical Report,146,d5cf043c1a8cc1de60d510411cccd35dc9315c6b43f99d7366719701b2185c98,https://kb.psu.ac.th/handle/2016/13227,1,1163,1,2537,0,0,1,2178,1,230,0,0,0,0,0,0,0,0,1,588,0,0,0,0,0,0,0,0,0,0,0,0,0,0,0,0,0,0,1,3726,1,12037,0,0,0,0,0,0,0,0,0,0,0,0,0,0,1,9237,1,53934,1,4662,1,109439,1,13,0,0,0,0,0,0,0,0,0,1,0,0,0,0,0,7,0,58,numbered,21,22,CORE.GENERAL.KEYWORDS_EN;CORE.GENERAL.KEYWORDS_TH;CORE.NARRATIVE.METHOD;CORE.NARRATIVE.OBJECTIVES;CORE.NARRATIVE.RATIONALE;CORE.NARRATIVE.REFERENCES;CORE.NARRATIVE.SUMMARY;CORE.NARRATIVE.THEORY;CORE.RESEARCH.GAP;CORE.RESEARCH.NATIONAL_NEED;CORE.RESEARCH.OBJECTIVES;CORE.RESEARCH.PROBLEM;CORE.RESEARCH.THEORETICAL_FOUNDATIONS;DOC.ATTACHMENTS.DOCUMENTS;FUND.CALL.AGENCY;METHOD.PLAN.DESIGN;METHOD.PLAN.SAMPLE
PSU-023,PSU Knowledge Bank,ความหลากหลายและศักยภาพการเจริญเติบโตของพืชวงศ์ปาล์มภายใต้สภาพแวดล้อมสวนยางพาราในภาคใต้,1,ระวี เจียรวิภา,มหาวิทยาลัยสงขลานครินทร์,not in repository record,1,GOV_BUDGET;UNIV_INCOME,,hdl 2016/12350,2562,Technical Report,68,eab4c978a117c7b59b4c616a3d9893982dcf13d457c37bddd1f075e16363dcc6,https://kb.psu.ac.th/handle/2016/12350,1,2208,1,4842,0,0,1,1427,1,150,0,0,0,0,0,0,0,0,1,183,0,0,1,1020,0,0,0,0,0,0,0,0,0,0,0,0,0,0,1,18499,1,1833,0,0,0,0,0,0,1,147,0,0,0,0,0,0,1,12518,1,42767,1,16593,1,16184,1,228,0,0,0,0,0,0,0,0,0,0,0,0,0,0,1,2,0,81,hanging-indent-estimate,12,6,BUDGET.PLAN.TOTAL;CORE.GENERAL.KEYWORDS_EN;CORE.GENERAL.KEYWORDS_TH;CORE.GENERAL.TOTAL_BUDGET;CORE.NARRATIVE.METHOD;CORE.NARRATIVE.OBJECTIVES;CORE.NARRATIVE.RATIONALE;CORE.NARRATIVE.REFERENCES;CORE.NARRATIVE.SUMMARY;CORE.NARRATIVE.THEORY;CORE.RESEARCH.BOUNDARY_CONDITIONS;CORE.RESEARCH.GAP;CORE.RESEARCH.NATIONAL_NEED;CORE.RESEARCH.OBJECTIVES;CORE.RESEARCH.PROBLEM;CORE.RESEARCH.THEORETICAL_FOUNDATIONS;DOC.ATTACHMENTS.DOCUMENTS;FUND.CALL.AGENCY;METHOD.PLAN.ANALYSIS;METHOD.PLAN.DESIGN
PSU-026,PSU Knowledge Bank,การเพิ่มคุณค่าทางโภชนะของทางใบปาล์มน้ำมันโดยยูเรียและแคลเซียมไฮดรอกไซด์เป็นอาหารแพะ,1,ปิ่น จันจุฬา,มหาวิทยาลัยสงขลานครินทร์,not in repository record,1,UNIV_INCOME,,hdl 2016/12663,2562,Technical Report,75,f588b5e5075085e867c3b69eb57ec516a4d38561057d439937f4da290ce7d10e,https://kb.psu.ac.th/handle/2016/12663,1,2002,1,2025,0,0,1,1116,1,237,0,0,0,0,0,0,0,0,1,325,0,0,1,224,0,0,0,0,0,0,0,0,0,0,1,4257,1,3397,1,53535,1,6266,0,0,0,0,1,5890,1,973,0,0,0,0,0,0,1,4974,1,24344,1,2096,1,42160,1,1443,0,0,0,0,0,0,0,0,0,0,0,0,0,0,0,4,0,212,hanging-indent-estimate,15,6,CORE.GENERAL.KEYWORDS_EN;CORE.GENERAL.KEYWORDS_TH;CORE.NARRATIVE.METHOD;CORE.NARRATIVE.OBJECTIVES;CORE.NARRATIVE.RATIONALE;CORE.NARRATIVE.REFERENCES;CORE.NARRATIVE.SUMMARY;CORE.NARRATIVE.THEORY;CORE.RESEARCH.BOUNDARY_CONDITIONS;CORE.RESEARCH.GAP;CORE.RESEARCH.NATIONAL_NEED;CORE.RESEARCH.OBJECTIVES;CORE.RESEARCH.PROBLEM;CORE.RESEARCH.THEORETICAL_FOUNDATIONS;DOC.ATTACHMENTS.DOCUMENTS;FUND.CALL.AGENCY;METHOD.PLAN.ANALYSIS;METHOD.PLAN.DATA_COLLECTION;METHOD.PLAN.DESIGN;RESULTS.CHAIN.IMPACTS;RESULTS.CHAIN.OUTCOMES;RESULTS.CHAIN.OUTPUTS;RESULTS.CHAIN.UTILIZATION_DESC;RESULTS.CHAIN.UTILIZATION_DOMAIN
PSU-028,PSU Knowledge Bank,การใช้ประโยชน์ของกากผลปาล์มน้ำมันจากกระบวนการหีบแบบแห้งด้วยตัวทำละลายในสูตรอาหารแพะ,0,ปิ่น จันจุฬา,มหาวิทยาลัยสงขลานครินทร์,not in repository record,1,UNIV_INCOME,,hdl 2016/13238,2561,Technical Report,49,a50dcb79e580a807f348b2f5799fb43200146005d628e1e75f56da542ac88127,https://kb.psu.ac.th/handle/2016/13238,1,4525,1,4323,0,0,1,769,1,183,0,0,0,0,0,0,0,0,1,490,1,1500,0,0,0,0,0,0,0,0,0,0,0,0,0,0,0,0,0,0,1,5270,0,0,0,0,1,469,0,0,0,0,0,0,0,0,1,12923,1,36627,1,6808,1,4850,1,3552,0,1,0,0,0,0,0,0,0,0,0,0,0,0,0,4,0,32,hanging-indent-estimate,21,19,CORE.ALIGNMENT.POLICY_PATHWAY;CORE.ALIGNMENT.STATEMENT;CORE.GENERAL.KEYWORDS_EN;CORE.GENERAL.KEYWORDS_TH;CORE.NARRATIVE.METHOD;CORE.NARRATIVE.OBJECTIVES;CORE.NARRATIVE.RATIONALE;CORE.NARRATIVE.REFERENCES;CORE.NARRATIVE.SUMMARY;CORE.RESEARCH.NATIONAL_NEED;CORE.RESEARCH.OBJECTIVES;CORE.RESEARCH.PROBLEM;DOC.ATTACHMENTS.DOCUMENTS;FUND.CALL.AGENCY;METHOD.PLAN.DATA_COLLECTION;METHOD.PLAN.DESIGN
PSU-036,PSU Knowledge Bank,ผลร่วมของสารละลายฆ่าเชื้อและความร้อนระดับกลางต่อการลดปริมาณเชื้อจุลินทรีย์และการยืดอายุการเก็บรักษาโหระพาที่สภาวะต่าง ๆ,1,ดุสิดา ถิระวัฒน์,มหาวิทยาลัยสงขลานครินทร์,not in repository record,1,UNIV_INCOME,,hdl 2016/12674,2560,Technical Report,79,5850cb01ac811a888b8df97f693088b3179fde3ed1617cd514601ed00972404d,https://kb.psu.ac.th/handle/2016/12674,1,2170,1,979,1,15,1,737,1,9,0,0,0,0,0,0,0,0,1,647,0,0,0,0,0,0,0,0,0,0,0,0,0,0,0,0,0,0,0,0,1,7509,0,0,0,0,0,0,0,0,0,0,0,0,0,0,1,4102,1,15911,1,70531,1,1381,1,0,0,0,0,0,0,0,0,0,0,0,0,0,0,0,0,0,0,9,hanging-indent-estimate,9,12,CORE.GENERAL.KEYWORDS_EN;CORE.GENERAL.KEYWORDS_TH;CORE.NARRATIVE.METHOD;CORE.NARRATIVE.OBJECTIVES;CORE.NARRATIVE.RATIONALE;CORE.NARRATIVE.REFERENCES;CORE.NARRATIVE.SUMMARY;CORE.RESEARCH.NATIONAL_NEED;CORE.RESEARCH.OBJECTIVES;CORE.RESEARCH.PROBLEM;DOC.ATTACHMENTS.DOCUMENTS;FUND.CALL.AGENCY;METHOD.PLAN.DESIGN
PSU-038,PSU Knowledge Bank,ลักษณะเหนือหน่วยเสียงและการเปลี่ยนแปลงของเสียงที่สะกดตามเสียงพูดในสติ๊กเกอร์ไลน์ภาษาไทย,1,จอมขวัญ สุทธินนท์,มหาวิทยาลัยสงขลานครินทร์,not in repository record,1,UNIV_INCOME,,hdl 2016/13311,2563,Technical Report,192,7edd0d1c67da020d9e87413b085960782779b89e8926b3ccb9011e2e93bf5558,https://kb.psu.ac.th/handle/2016/13311,1,4692,0,0,0,0,1,1295,1,73,0,0,1,42,0,0,1,608,1,17176,0,0,1,574,0,0,1,1183,0,0,0,0,1,599,0,0,1,4132,1,35027,1,8824,0,0,0,0,1,0,1,1951,0,0,0,0,0,0,1,3281,1,12347,1,57126,0,0,1,5072,0,0,0,0,0,0,0,0,0,0,0,0,0,0,0,10,0,0,none,11,0,CORE.GENERAL.KEYWORDS_EN;CORE.GENERAL.KEYWORDS_TH;CORE.NARRATIVE.METHOD;CORE.NARRATIVE.OBJECTIVES;CORE.NARRATIVE.RATIONALE;CORE.NARRATIVE.SUMMARY;CORE.NARRATIVE.THEORY;CORE.RESEARCH.BOUNDARY_CONDITIONS;CORE.RESEARCH.GAP;CORE.RESEARCH.HYPOTHESES;CORE.RESEARCH.NATIONAL_NEED;CORE.RESEARCH.OBJECTIVES;CORE.RESEARCH.PROBLEM;CORE.RESEARCH.THEORETICAL_FOUNDATIONS;DOC.ATTACHMENTS.DOCUMENTS;FUND.CALL.AGENCY;METHOD.PLAN.ANALYSIS;METHOD.PLAN.DATA_COLLECTION;METHOD.PLAN.DESIGN;METHOD.PLAN.VARIABLES;RESULTS.CHAIN.BENEFIT_SUMMARY;RESULTS.CHAIN.IMPACTS;RESULTS.CHAIN.OUTCOMES;RESULTS.CHAIN.OUTPUTS;RESULTS.CHAIN.UTILIZATION_DESC
PSU-039,PSU Knowledge Bank,การปรับตัวของสหกรณ์กองทุนสวนยาง ภายใต้สภาวะวิกฤตราคายางตกต่ำ,1,นฤมล พฤกษา,มหาวิทยาลัยสงขลานครินทร์,not in repository record,1,NRC,NRC,hdl 2016/13179,2563,Technical Report,44,1980f26f6c3ad977a658a65772c89e305e8446009622f440683bbda1c69442ea,https://kb.psu.ac.th/handle/2016/13179,1,4384,0,0,1,16,1,999,0,0,0,0,0,0,0,0,0,0,0,0,0,0,0,0,0,0,1,850,0,0,0,0,0,0,1,510,0,0,0,0,1,2981,0,0,0,0,0,0,1,143,0,0,0,0,0,0,0,0,1,62141,0,0,1,3087,1,171,0,0,0,0,0,0,0,0,0,0,0,1,0,0,1,0,0,17,hanging-indent-estimate,10,8,BUDGET.PLAN.TOTAL;CORE.GENERAL.TOTAL_BUDGET;CORE.NARRATIVE.RATIONALE;CORE.NARRATIVE.REFERENCES;CORE.NARRATIVE.SUMMARY;CORE.RESEARCH.NATIONAL_NEED;CORE.RESEARCH.PROBLEM;DOC.ATTACHMENTS.DOCUMENTS;FUND.CALL.AGENCY;METHOD.PLAN.ANALYSIS;METHOD.PLAN.QUALITY;METHOD.PLAN.VARIABLES;RESULTS.CHAIN.UTILIZATION_DESC;RESULTS.CHAIN.UTILIZATION_DOMAIN
PSU-044,PSU Knowledge Bank,รายงานฉบับสมบูรณ์ โครงการพัฒนาลุ่มน้ำทะเลสาบสงขลาอย่างยั่งยืน,0,not in repository record,มหาวิทยาลัยสงขลานครินทร์,สานักงานนโยบายและแผนทรัพยากรธรรมชาติและสิ่งแวดล้อม,0,,,hdl 2016/14819,2557,Technical Report,192,778823dd421a7506469624fd17b6b0379401660852a438a7ee8c1ab0670b7b35,https://kb.psu.ac.th/handle/2016/14819,0,0,0,0,0,0,0,0,0,0,0,0,1,6278,0,0,0,0,1,11709,0,0,0,0,0,0,0,0,0,0,0,0,0,0,1,74372,1,30955,0,0,1,6638,0,0,0,0,0,0,0,0,0,0,0,0,0,0,0,0,1,586,1,6212,0,0,0,0,0,1,0,0,0,0,0,1,0,0,1,1,0,0,0,18,0,0,none,55,61,CORE.ALIGNMENT.POLICY_PATHWAY;CORE.NARRATIVE.OBJECTIVES;CORE.NARRATIVE.RATIONALE;CORE.RESEARCH.NATIONAL_NEED;CORE.RESEARCH.OBJECTIVES;CORE.RESEARCH.PROBLEM;METHOD.PLAN.ETHICS;METHOD.PLAN.QUALITY;RESULTS.CHAIN.IMPACTS;RESULTS.CHAIN.OUTCOMES;RESULTS.CHAIN.OUTPUTS;RESULTS.CHAIN.UTILIZATION_DESC;RESULTS.CHAIN.UTILIZATION_DOMAIN
HSRI-002,HSRI Knowledge Bank,บทสังเคราะห์รายงานการประเมินแผนหลักการแพทย์ฉุกเฉินแห่งชาติ ปี 2553-2555,0,สำนักงานวิจัยเพื่อการพัฒนาหลักประกันสุขภาพไทย,not in repository record,"สำนักงานการแพทย์ฉุกเฉินแห่งชาติ, สถาบันวิจัยระบบสาธารณสุข",1,THAIHEALTH;NIEMS;NHSO,HSRI;THAIHEALTH;NIEMS;NHSO,hdl 11228/3733; contract T55-11; id hs1992,2555,Technical Report,27,1759e005ef220ee8042a070a28fdff035f850f19f845eded52d3f569fb2ccc45,https://kb.hsri.or.th/dspace/handle/11228/3733,0,0,0,0,0,0,0,0,0,0,0,0,0,0,0,0,0,0,0,0,0,0,0,0,0,0,0,0,0,0,0,0,0,0,0,0,0,0,0,0,0,0,0,0,0,0,0,0,0,0,0,0,0,0,0,0,0,0,1,22972,1,4821,0,0,1,9781,0,1,0,0,0,0,0,0,0,0,0,0,0,0,0,0,0,0,none,0,0,CORE.ALIGNMENT.POLICY_PATHWAY;DOC.ATTACHMENTS.DOCUMENTS
HSRI-005,HSRI Knowledge Bank,การถ่ายโอนสถานีอนามัยสู่ท้องถิ่น: การสังเคราะห์บทเรียนจากกรณีศึกษาพื้นที่ถ่ายโอน และข้อเสนอเชิงนโยบาย,1,ลือชัย ศรีเงินยวง,not in repository record,แผนงานวิจัยและพัฒนาการกระจายอำนาจด้านสุขภาพ สถาบันวิจัยระบบสาธารณสุข,1,NHSO,HSRI;THAIHEALTH;NHSO,hdl 11228/3860; contract 54-039; id hs2057,2556,Technical Report,89,71c1d0deb8cc4d3ead5ac9dad8c9fd485b62f5e11b958fb633a52f9828516f52,https://kb.hsri.or.th/dspace/handle/11228/3860,1,3026,1,2662,1,15,1,797,0,0,1,5335,0,0,0,0,0,0,1,405,0,0,0,0,0,0,1,4939,0,0,0,0,0,0,0,0,0,0,0,0,1,11544,0,0,0,0,0,0,0,0,0,0,1,21710,0,0,1,3430,1,14475,1,71223,1,3396,0,0,0,1,0,0,0,0,0,1,0,0,1,0,0,0,0,3,0,26,hanging-indent-estimate,0,0,BUDGET.PLAN.ITEMS;BUDGET.PLAN.TOTAL;CORE.ALIGNMENT.POLICY_PATHWAY;CORE.NARRATIVE.METHOD;CORE.NARRATIVE.OBJECTIVES;CORE.NARRATIVE.RATIONALE;CORE.NARRATIVE.REFERENCES;CORE.NARRATIVE.SUMMARY;CORE.RESEARCH.NATIONAL_NEED;CORE.RESEARCH.OBJECTIVES;CORE.RESEARCH.PROBLEM;FUND.CALL.AGENCY;METHOD.PLAN.DESIGN;METHOD.PLAN.ETHICS;METHOD.PLAN.VARIABLES;RESULTS.CHAIN.UTILIZATION_DESC
HSRI-006,HSRI Knowledge Bank,ระบบราคาอ้างอิงของยาในประเทศไทย,1,เพชรรัตน์ พงษ์เจริญสุข,not in repository record,not in repository record,1,HSRI,HSRI;NHSO,hdl 11228/3760; contract 53-066; id hs2029,2556,Technical Report,122,8d050fe863cdd6ce392b8b80540c853c9a07da43f80889709183cfb08e7f33e9,https://kb.hsri.or.th/dspace/handle/11228/3760,0,0,0,0,1,1634,0,0,0,0,0,0,1,36419,0,0,0,0,1,5050,0,0,0,0,0,0,0,0,0,0,0,0,0,0,0,0,1,830,1,105227,1,8979,0,0,0,0,0,0,0,0,0,0,0,0,1,82,1,5727,1,39761,1,6752,0,0,1,3277,0,0,0,0,0,0,0,1,0,1,0,1,0,0,1,5,0,0,none,40,1,BUDGET.PLAN.TOTAL;CORE.GENERAL.TOTAL_BUDGET;CORE.NARRATIVE.METHOD;CORE.NARRATIVE.OBJECTIVES;CORE.NARRATIVE.RATIONALE;CORE.NARRATIVE.SUMMARY;CORE.NARRATIVE.THEORY;CORE.RESEARCH.GAP;CORE.RESEARCH.NATIONAL_NEED;CORE.RESEARCH.OBJECTIVES;CORE.RESEARCH.PROBLEM;CORE.RESEARCH.THEORETICAL_FOUNDATIONS;DOC.ATTACHMENTS.DOCUMENTS;METHOD.PLAN.DESIGN;METHOD.PLAN.QUALITY;METHOD.PLAN.SAMPLE;RESULTS.CHAIN.IMPACTS;RESULTS.CHAIN.OUTCOMES;RESULTS.CHAIN.OUTPUTS;RESULTS.CHAIN.UTILIZATION_DESC;WORK.PLAN.ACTIVITIES
HSRI-007,HSRI Knowledge Bank,รายงานตัวชี้วัดการวิเคราะห์ข้อมูลการสั่งใช้ยา,0,โครงการพัฒนาสารสนเทศด้านยาของผู้ป่วยนอกรายบุคคลในระบบประกันสุขภาพถ้วนหน้า,not in repository record,สถาบันวิจัยระบบสาธารณสุข,0,,NHSO,hdl 11228/3764; contract 53-066; id hs2033,2556,Technical Report,71,ab0d57d558b7552da5ae813c7790662ffcd2fb467b5e765be93021906e589fbb,https://kb.hsri.or.th/dspace/handle/11228/3764,0,0,0,0,0,0,0,0,0,0,0,0,0,0,0,0,0,0,0,0,0,0,0,0,0,0,0,0,0,0,0,0,0,0,0,0,0,0,1,0,0,0,0,0,0,0,0,0,0,0,0,0,1,76382,0,0,0,0,0,0,1,1142,0,0,1,0,0,1,0,0,0,0,0,0,0,0,0,0,0,0,0,0,0,0,none,9,0,BUDGET.PLAN.ITEMS;BUDGET.PLAN.TOTAL;CORE.ALIGNMENT.POLICY_PATHWAY;CORE.NARRATIVE.THEORY;CORE.RESEARCH.GAP;CORE.RESEARCH.THEORETICAL_FOUNDATIONS;DOC.ATTACHMENTS.DOCUMENTS
HSRI-008,HSRI Knowledge Bank,ผลงานวิจัยระบบบริการสุขภาพในโรงพยาบาลของประเทศไทยภายใน 10 ปี (พ.ศ.2545 – 2555),1,สมพร หุ่นเลิศ,not in repository record,"สถาบันวิจัยระบบสาธารณสุข, ศูนย์วิจัยเพื่อการพัฒนาระบบบริการสุขภาพ(TRC-HS) คณะแพทยศาสตร์ จุฬาลงกรณ์มหาวิทยาลัย",1,OTHER_FUND,,hdl 11228/4415; contract 57-109; id hs2241,2556,Technical Report,92,ee56c09dae310fa5c894d6102ac99ddde69d27f8331a6a04192e4f96c073566b,https://kb.hsri.or.th/dspace/handle/11228/4415,1,0,0,0,0,0,1,4573,0,0,0,0,1,3124,0,0,0,0,1,3499,0,0,1,3127,1,471,0,0,0,0,0,0,1,586,0,0,1,9712,1,38575,1,1141,0,0,0,0,1,586,1,521,0,0,1,5773,0,0,1,10700,1,21814,1,6455,1,2888,0,0,0,1,0,0,0,0,0,0,0,0,0,0,0,0,1,16,0,17,numbered,13,13,BUDGET.PLAN.ITEMS;BUDGET.PLAN.TOTAL;CORE.ALIGNMENT.POLICY_PATHWAY;CORE.GENERAL.TOTAL_BUDGET;CORE.NARRATIVE.FRAMEWORK;CORE.NARRATIVE.METHOD;CORE.NARRATIVE.OBJECTIVES;CORE.NARRATIVE.RATIONALE;CORE.NARRATIVE.REFERENCES;CORE.NARRATIVE.SUMMARY;CORE.NARRATIVE.THEORY;CORE.RESEARCH.BOUNDARY_CONDITIONS;CORE.RESEARCH.CONSTRUCTS;CORE.RESEARCH.GAP;CORE.RESEARCH.NATIONAL_NEED;CORE.RESEARCH.OBJECTIVES;CORE.RESEARCH.PROBLEM;CORE.RESEARCH.RELATIONSHIPS;CORE.RESEARCH.THEORETICAL_FOUNDATIONS;FUND.CALL.AGENCY;METHOD.PLAN.ANALYSIS;METHOD.PLAN.DATA_COLLECTION;METHOD.PLAN.DESIGN;RESULTS.CHAIN.BENEFIT_SUMMARY;RESULTS.CHAIN.IMPACTS;RESULTS.CHAIN.OUTCOMES;RESULTS.CHAIN.OUTPUTS;RESULTS.CHAIN.UTILIZATION_DESC
HSRI-009,HSRI Knowledge Bank,การคาดการณ์ความต้องการและการวางแผนกำลังคนสำหรับระบบบริการทางการแพทย์ฉุกเฉิน,0,นงลักษณ์ พะไกยะ,not in repository record,สถาบันวิจัยระบบสาธารณสุข,0,,HSRI;NIEMS;NHSO,hdl 11228/4207; id hs2140,2557,Technical Report,102,980560ba543110a408c7990910a9b69c259d62c252038dfcb6194b71668e3326,https://kb.hsri.or.th/dspace/handle/11228/4207,0,0,0,0,1,967,0,0,0,0,0,0,0,0,0,0,0,0,1,205,0,0,0,0,1,565,0,0,0,0,0,0,0,0,0,0,0,0,1,64629,1,6842,0,0,0,0,0,0,0,0,0,0,0,0,1,1881,1,8766,1,71773,1,7007,1,5134,0,0,0,1,0,0,0,0,0,0,0,0,0,0,0,0,1,3,0,30,hanging-indent-estimate,51,13,BUDGET.PLAN.TOTAL;CORE.ALIGNMENT.POLICY_PATHWAY;CORE.GENERAL.TOTAL_BUDGET;CORE.NARRATIVE.FRAMEWORK;CORE.NARRATIVE.METHOD;CORE.NARRATIVE.OBJECTIVES;CORE.NARRATIVE.RATIONALE;CORE.NARRATIVE.REFERENCES;CORE.NARRATIVE.SUMMARY;CORE.NARRATIVE.THEORY;CORE.RESEARCH.CONSTRUCTS;CORE.RESEARCH.GAP;CORE.RESEARCH.NATIONAL_NEED;CORE.RESEARCH.OBJECTIVES;CORE.RESEARCH.PROBLEM;CORE.RESEARCH.RELATIONSHIPS;CORE.RESEARCH.THEORETICAL_FOUNDATIONS;METHOD.PLAN.DESIGN;WORK.PLAN.ACTIVITIES
HSRI-010,HSRI Knowledge Bank,การศึกษาระยะเวลาการมารับการรักษาของผู้ป่วยโรคสมองขาดเลือด ในจังหวัดอุบลราชธานี,0,พนัชญา ขันติจิตร,not in repository record,สถาบันวิจัยระบบสาธารณสุข,1,HSRI,HSRI;NHSO,hdl 11228/4315; contract 57-067; id hs2190,2557,Technical Report,57,b482d7f4154c2dd34885c1080c162ecd4e484c4bce20ab9e225fb6e5ce048182,https://kb.hsri.or.th/dspace/handle/11228/4315,1,0,0,0,1,1392,1,5628,1,66,0,0,0,0,0,0,0,0,1,211,0,0,1,475,1,837,0,0,0,0,0,0,0,0,0,0,0,0,1,13526,1,6269,1,1203,1,2135,1,914,0,0,0,0,0,0,1,20281,1,298,1,7296,1,11953,1,4805,1,1023,0,1,0,0,0,0,0,0,1,1,0,1,0,0,1,2,0,27,hanging-indent-estimate,7,1,BUDGET.PLAN.TOTAL;COMP.STANDARD.HUMAN;CORE.ALIGNMENT.POLICY_PATHWAY;CORE.GENERAL.KEYWORDS_EN;CORE.GENERAL.KEYWORDS_TH;CORE.GENERAL.TOTAL_BUDGET;CORE.NARRATIVE.FRAMEWORK;CORE.NARRATIVE.METHOD;CORE.NARRATIVE.OBJECTIVES;CORE.NARRATIVE.RATIONALE;CORE.NARRATIVE.REFERENCES;CORE.NARRATIVE.SUMMARY;CORE.NARRATIVE.THEORY;CORE.RESEARCH.BOUNDARY_CONDITIONS;CORE.RESEARCH.CONSTRUCTS;CORE.RESEARCH.GAP;CORE.RESEARCH.NATIONAL_NEED;CORE.RESEARCH.OBJECTIVES;CORE.RESEARCH.PROBLEM;CORE.RESEARCH.RELATIONSHIPS;CORE.RESEARCH.THEORETICAL_FOUNDATIONS;DOC.ATTACHMENTS.DOCUMENTS;FUND.CALL.AGENCY;METHOD.PLAN.DATA_COLLECTION;METHOD.PLAN.DESIGN;METHOD.PLAN.ETHICS;METHOD.PLAN.INSTRUMENTS;METHOD.PLAN.POPULATION;METHOD.PLAN.QUALITY;METHOD.PLAN.SAMPLE;WORK.PLAN.ACTIVITIES
HSRI-011,HSRI Knowledge Bank,การส่งเสริมการใช้ยาปฏิชีวนะอย่างสมเหตุผลในร้านยาปี พ.ศ. 2555,1,สมาคมเภสัชกรรมชุมชน (ประเทศไทย),not in repository record,สถาบันวิจัยระบบสาธารณสุข,0,,,hdl 11228/4203; contract 54-058; id hs2130,2557,Technical Report,96,777c84be97659cbbc78a2017bc8316fa902c53bf7ba84ef563214beed1478139,https://kb.hsri.or.th/dspace/handle/11228/4203,0,0,0,0,0,0,0,0,0,0,0,0,0,0,0,0,0,0,1,825,0,0,1,187,0,0,0,0,0,0,0,0,1,563,0,0,0,0,0,0,1,1542,0,0,1,829,1,1478,1,1471,0,0,1,1966,1,14060,1,8795,0,0,1,712,1,13989,1,2966,0,0,0,0,0,0,0,0,1,1,1,0,0,0,1,5,0,86,numbered,29,7,BUDGET.PLAN.ITEMS;BUDGET.PLAN.TOTAL;COMP.STANDARD.HUMAN;CORE.GENERAL.TOTAL_BUDGET;CORE.NARRATIVE.METHOD;CORE.NARRATIVE.OBJECTIVES;CORE.NARRATIVE.RATIONALE;CORE.NARRATIVE.REFERENCES;CORE.RESEARCH.BOUNDARY_CONDITIONS;CORE.RESEARCH.NATIONAL_NEED;CORE.RESEARCH.OBJECTIVES;CORE.RESEARCH.PROBLEM;DOC.ATTACHMENTS.DOCUMENTS;METHOD.PLAN.ANALYSIS;METHOD.PLAN.DATA_COLLECTION;METHOD.PLAN.DESIGN;METHOD.PLAN.ETHICS;METHOD.PLAN.INSTRUMENTS;METHOD.PLAN.SAMPLE;RESULTS.CHAIN.BENEFIT_SUMMARY;WORK.PLAN.ACTIVITIES
HSRI-012,HSRI Knowledge Bank,การสำรวจสถานภาพความรู้ เรื่องเล่าเพื่อการเยียวยา,0,ศิริวรรณ ลาภสมบูรนานนท์,not in repository record,สถาบันวิจัยระบบสาธารณสุข,0,,HSRI,hdl 11228/4029; contract 54-059; id hs2117,2557,Technical Report,68,482e3b2bb17a7c3c101fcb8fc1ac8720f377bd891d9ed666bee9fe18d67f60e2,https://kb.hsri.or.th/dspace/handle/11228/4029,0,0,0,0,0,0,0,0,0,0,0,0,0,0,0,0,0,0,1,1820,0,0,0,0,0,0,0,0,0,0,0,0,0,0,0,0,1,704,0,0,1,34796,0,0,0,0,0,0,0,0,0,0,0,0,0,0,1,342,0,0,0,0,1,33331,0,0,0,1,0,0,0,0,0,0,0,0,0,0,1,0,0,8,0,97,hanging-indent-estimate,0,0,CORE.ALIGNMENT.POLICY_PATHWAY;CORE.NARRATIVE.METHOD;CORE.NARRATIVE.OBJECTIVES;CORE.NARRATIVE.RATIONALE;CORE.NARRATIVE.REFERENCES;CORE.RESEARCH.NATIONAL_NEED;CORE.RESEARCH.OBJECTIVES;CORE.RESEARCH.PROBLEM;METHOD.PLAN.DESIGN;METHOD.PLAN.QUALITY;RESULTS.CHAIN.IMPACTS;RESULTS.CHAIN.OUTCOMES;RESULTS.CHAIN.OUTPUTS
HSRI-013,HSRI Knowledge Bank,ปัจจัยที่มีอิทธิพลต่อการจัดบริการเขตบริการสุขภาพด้านการแพทย์แผนไทยและการแพทย์ทางเลือกของสถานบริการในสังกัดกระทรวงสาธารณสุข,1,มณฑกา ธีรชัยสกุล,not in repository record,สถาบันวิจัยระบบสาธารณสุข,1,,HSRI;NHSO,hdl 11228/4272; contract 57-076; id hs2160,2558,Technical Report,40,173979ee4dbc3a2f1b698c8dd345b715cab20f75279c18642296fc3b848df42f,https://kb.hsri.or.th/dspace/handle/11228/4272,1,3468,0,0,0,0,0,0,1,77,1,3642,0,0,0,0,0,0,1,264,0,0,1,2288,0,0,0,0,0,0,0,0,1,309,0,0,1,14490,1,1387,1,15072,0,0,1,0,0,0,1,225,0,0,0,0,0,0,1,4594,1,9588,1,4933,1,5963,1,0,0,1,0,0,0,0,0,1,0,1,0,0,0,0,1,2,0,31,numbered,9,4,BUDGET.PLAN.TOTAL;CORE.ALIGNMENT.POLICY_PATHWAY;CORE.GENERAL.KEYWORDS_EN;CORE.GENERAL.KEYWORDS_TH;CORE.GENERAL.TOTAL_BUDGET;CORE.NARRATIVE.METHOD;CORE.NARRATIVE.OBJECTIVES;CORE.NARRATIVE.RATIONALE;CORE.NARRATIVE.REFERENCES;CORE.NARRATIVE.SUMMARY;CORE.NARRATIVE.THEORY;CORE.RESEARCH.BOUNDARY_CONDITIONS;CORE.RESEARCH.GAP;CORE.RESEARCH.NATIONAL_NEED;CORE.RESEARCH.OBJECTIVES;CORE.RESEARCH.PROBLEM;CORE.RESEARCH.THEORETICAL_FOUNDATIONS;DOC.ATTACHMENTS.DOCUMENTS;METHOD.PLAN.ANALYSIS;METHOD.PLAN.DESIGN;METHOD.PLAN.INSTRUMENTS;METHOD.PLAN.SAMPLE;RESULTS.CHAIN.BENEFIT_SUMMARY;RESULTS.CHAIN.IMPACTS;RESULTS.CHAIN.OUTCOMES;RESULTS.CHAIN.OUTPUTS;RESULTS.CHAIN.UTILIZATION_DESC
HSRI-014,HSRI Knowledge Bank,การพัฒนารูปแบบการดำเนินงานโดยชุมชนมีส่วนร่วมเพื่อลดพฤติกรรมการบริโภคเครื่องดื่มแอลกอฮอล์,0,กานต์นะรัตน์ จรามร,not in repository record,สถาบันวิจัยระบบสาธารณสุข,0,,HSRI,hdl 11228/4292; contract 57-079; id hs2173,2558,Technical Report,59,c0c6ae6c9a43a60b92b57a5cbe536ecbd8a2ec23ba241f7cd468d8db7171b931,https://kb.hsri.or.th/dspace/handle/11228/4292,0,0,0,0,1,1557,0,0,0,0,0,0,0,0,1,152,0,0,1,15897,0,0,1,265,1,1203,1,964,0,0,0,0,1,438,0,0,0,0,1,5186,1,4556,0,0,1,976,0,0,0,0,0,0,0,0,0,0,1,5614,1,14971,1,9483,1,10697,1,2585,0,1,0,0,0,0,0,0,0,0,0,0,0,0,1,15,0,67,hanging-indent-estimate,0,2,BUDGET.PLAN.TOTAL;CORE.ALIGNMENT.POLICY_PATHWAY;CORE.GENERAL.TOTAL_BUDGET;CORE.NARRATIVE.FRAMEWORK;CORE.NARRATIVE.METHOD;CORE.NARRATIVE.OBJECTIVES;CORE.NARRATIVE.RATIONALE;CORE.NARRATIVE.REFERENCES;CORE.NARRATIVE.SUMMARY;CORE.NARRATIVE.THEORY;CORE.RESEARCH.BOUNDARY_CONDITIONS;CORE.RESEARCH.CONSTRUCTS;CORE.RESEARCH.GAP;CORE.RESEARCH.NATIONAL_NEED;CORE.RESEARCH.OBJECTIVES;CORE.RESEARCH.PROBLEM;CORE.RESEARCH.RELATIONSHIPS;CORE.RESEARCH.RQ.PRIMARY;CORE.RESEARCH.RQ.SECONDARY;CORE.RESEARCH.THEORETICAL_FOUNDATIONS;DOC.ATTACHMENTS.DOCUMENTS;METHOD.PLAN.DESIGN;METHOD.PLAN.INSTRUMENTS;METHOD.PLAN.VARIABLES;RESULTS.CHAIN.BENEFIT_SUMMARY
HSRI-015,HSRI Knowledge Bank,การล้มในผู้สูงอายุไทยในเขตเมืองและชานเมือง : อุบัติการณ์ ปัจจัยเสี่ยง การจัดการและการป้องกัน,1,ไพลวรรณ สัทธานนท์,not in repository record,"สถาบันวิจัยระบบสาธารณสุข, มูลนิธิสถาบันวิจัยและพัฒนาผู้สูงอายุไทย, สำนักงานคณะกรรมการวิจัยแห่งชาติ",1,HSRI,HSRI,hdl 11228/4310; contract 56-028; id hs2185,2558,Technical Report,251,21d3074f979b250406cfb6bdf704924885094bebfc820f01200f46bdbdda2fa7,https://kb.hsri.or.th/dspace/handle/11228/4310,0,0,0,0,0,0,0,0,0,0,0,0,0,0,0,0,0,0,0,0,0,0,0,0,0,0,0,0,0,0,0,0,1,348,0,0,1,4842,1,827,1,4383,1,3277,0,0,0,0,1,14322,0,0,0,0,0,0,1,160,0,0,1,22749,0,0,1,96977,0,0,0,0,0,0,0,0,0,1,0,0,0,0,0,0,0,0,none,6,0,CORE.NARRATIVE.METHOD;CORE.NARRATIVE.RATIONALE;CORE.NARRATIVE.THEORY;CORE.RESEARCH.GAP;CORE.RESEARCH.NATIONAL_NEED;CORE.RESEARCH.PROBLEM;CORE.RESEARCH.THEORETICAL_FOUNDATIONS;DOC.ATTACHMENTS.DOCUMENTS;METHOD.PLAN.ANALYSIS;METHOD.PLAN.DESIGN;METHOD.PLAN.POPULATION;METHOD.PLAN.SAMPLE;RESULTS.CHAIN.BENEFIT_SUMMARY;RESULTS.CHAIN.IMPACTS;RESULTS.CHAIN.OUTCOMES;RESULTS.CHAIN.OUTPUTS
HSRI-016,HSRI Knowledge Bank,การพัฒนารูปแบบการป้องกันการป่วยโรคเบาหวานชนิดที่ 2 ในประชาชนกลุ่มเสี่ยง,1,นงลักษณ์ เทศนา,not in repository record,สถาบันวิจัยระบบสาธารณสุข,1,HSRI,HSRI,hdl 11228/4264; contract 57-085; id hs2155,2558,Technical Report,113,77a5ff71b2a039ef191c638af7ed979701927ef71aa78f07c5405a318edab273,https://kb.hsri.or.th/dspace/handle/11228/4264,1,4021,0,0,1,2505,1,985,1,110,1,735,1,11049,0,0,0,0,1,331,0,0,1,602,0,0,0,0,0,0,0,0,1,311,0,0,1,836,1,52186,1,5980,1,294,1,953,0,0,1,457,1,626,0,0,0,0,1,9134,1,11232,1,44898,1,0,1,6822,0,1,0,0,0,0,0,1,0,1,0,0,1,0,1,5,0,0,none,12,2,BUDGET.PLAN.TOTAL;COMP.STANDARD.RESEARCH_ETHICS;CORE.ALIGNMENT.POLICY_PATHWAY;CORE.GENERAL.KEYWORDS_EN;CORE.GENERAL.KEYWORDS_TH;CORE.GENERAL.TOTAL_BUDGET;CORE.NARRATIVE.METHOD;CORE.NARRATIVE.OBJECTIVES;CORE.NARRATIVE.RATIONALE;CORE.NARRATIVE.REFERENCES;CORE.NARRATIVE.SUMMARY;CORE.NARRATIVE.THEORY;CORE.RESEARCH.BOUNDARY_CONDITIONS;CORE.RESEARCH.GAP;CORE.RESEARCH.NATIONAL_NEED;CORE.RESEARCH.OBJECTIVES;CORE.RESEARCH.PROBLEM;CORE.RESEARCH.THEORETICAL_FOUNDATIONS;DOC.ATTACHMENTS.DOCUMENTS;FUND.CALL.AGENCY;METHOD.PLAN.ANALYSIS;METHOD.PLAN.DESIGN;METHOD.PLAN.ETHICS;METHOD.PLAN.INSTRUMENTS;METHOD.PLAN.POPULATION;METHOD.PLAN.QUALITY;METHOD.PLAN.SAMPLE;RESULTS.CHAIN.BENEFIT_SUMMARY;RESULTS.CHAIN.IMPACTS;RESULTS.CHAIN.OUTCOMES;RESULTS.CHAIN.OUTPUTS;RESULTS.CHAIN.UTILIZATION_DESC
HSRI-017,HSRI Knowledge Bank,ระบบการดูแลทางสังคมสำหรับผู้สูงอายุ,1,วรรณลักษณ์ เมียนเกิด,not in repository record,สถาบันวิจัยระบบสาธารณสุข,1,HSRI,HSRI,hdl 11228/4424; contract 58-047; id hs2248,2559,Technical Report,210,502443ae71322251b4c1b4ee2cb21b2f1978b45009ed4395f4898683ef989ea6,https://kb.hsri.or.th/dspace/handle/11228/4424,1,2302,1,1957,1,66,0,0,0,0,0,0,1,61112,0,0,0,0,1,308,0,0,1,2210,0,0,0,0,0,0,0,0,1,522,1,9137,0,0,0,0,1,26227,1,0,0,0,0,0,0,0,0,0,1,4536,0,0,1,614,0,0,1,1945,1,11262,0,0,0,1,0,0,0,0,0,0,0,0,0,0,0,0,1,4,0,64,hanging-indent-estimate,19,2,BUDGET.PLAN.ITEMS;BUDGET.PLAN.TOTAL;CORE.ALIGNMENT.POLICY_PATHWAY;CORE.GENERAL.TOTAL_BUDGET;CORE.NARRATIVE.METHOD;CORE.NARRATIVE.OBJECTIVES;CORE.NARRATIVE.RATIONALE;CORE.NARRATIVE.REFERENCES;CORE.NARRATIVE.SUMMARY;CORE.RESEARCH.BOUNDARY_CONDITIONS;CORE.RESEARCH.NATIONAL_NEED;CORE.RESEARCH.OBJECTIVES;CORE.RESEARCH.PROBLEM;METHOD.PLAN.DESIGN;METHOD.PLAN.POPULATION;METHOD.PLAN.SAMPLE;RESULTS.CHAIN.BENEFIT_SUMMARY;RESULTS.CHAIN.UTILIZATION_DESC;RESULTS.CHAIN.UTILIZATION_DOMAIN
HSRI-018,HSRI Knowledge Bank,รูปแบบการบริหารจัดการศูนย์ประสานการส่งต่อ เขตสุขภาพที่ 6,1,เกศรินทร์ ไทยศรีวงศ์,not in repository record,สถาบันวิจัยระบบสาธารณสุข,0,,HSRI,hdl 11228/4636; contract 59-034; id hs2302,2559,Technical Report,93,facfd050de14bd96923cc54530eb832e9957e9879f07f1f38e0a12282d4bf2b6,https://kb.hsri.or.th/dspace/handle/11228/4636,1,2253,1,2996,0,0,1,0,1,90,0,0,1,12,0,0,0,0,1,2154,0,0,1,913,1,0,0,0,0,0,0,0,0,0,0,0,0,0,1,31623,1,3587,1,3074,1,902,1,648,1,1006,0,0,1,193,0,0,1,752,1,65557,1,0,1,7294,1,28425,0,1,0,0,0,0,0,1,0,0,0,0,0,0,0,5,0,46,hanging-indent-estimate,16,2,BUDGET.PLAN.ITEMS;BUDGET.PLAN.TOTAL;CORE.ALIGNMENT.POLICY_PATHWAY;CORE.GENERAL.KEYWORDS_EN;CORE.GENERAL.KEYWORDS_TH;CORE.NARRATIVE.FRAMEWORK;CORE.NARRATIVE.METHOD;CORE.NARRATIVE.OBJECTIVES;CORE.NARRATIVE.RATIONALE;CORE.NARRATIVE.REFERENCES;CORE.NARRATIVE.SUMMARY;CORE.NARRATIVE.THEORY;CORE.RESEARCH.BOUNDARY_CONDITIONS;CORE.RESEARCH.CONSTRUCTS;CORE.RESEARCH.GAP;CORE.RESEARCH.NATIONAL_NEED;CORE.RESEARCH.OBJECTIVES;CORE.RESEARCH.PROBLEM;CORE.RESEARCH.RELATIONSHIPS;CORE.RESEARCH.THEORETICAL_FOUNDATIONS;DOC.ATTACHMENTS.DOCUMENTS;FUND.CALL.AGENCY;METHOD.PLAN.ANALYSIS;METHOD.PLAN.DATA_COLLECTION;METHOD.PLAN.DESIGN;METHOD.PLAN.INSTRUMENTS;METHOD.PLAN.POPULATION;METHOD.PLAN.SAMPLE;RESULTS.CHAIN.UTILIZATION_DESC
HSRI-019,HSRI Knowledge Bank,การประเมินสถานการณ์ของการบริการปฐมภูมิในเขตกรุงเทพมหานครด้วยการศึกษา Ambulatory care sensitive conditions,1,จิรุตม์ ศรีรัตนบัลล์,not in repository record,ส่วนงานสำนักงานวิจัยเพื่อการพัฒนาหลักประกันสุขภาพไทย สถาบันวิจัยระบบสาธารณสุข,0,,HSRI;NHSO,hdl 11228/4420; contract 58-019; id hs2245,2559,Technical Report,182,74f17d5f1712d0a57a49abad0844a501b5d5049335732c1b20897f7022a86265,https://kb.hsri.or.th/dspace/handle/11228/4420,1,2419,1,2145,0,0,0,0,0,0,1,2480,1,1971,0,0,0,0,1,9852,0,0,0,0,0,0,0,0,0,0,0,0,1,1225,0,0,0,0,0,0,1,2047,1,23888,0,0,1,6163,0,0,0,0,0,0,0,0,1,183,1,173900,1,13011,1,4800,0,0,0,1,0,0,0,0,1,0,0,0,0,1,0,0,0,10,0,26,numbered,101,1,CORE.ALIGNMENT.POLICY_PATHWAY;CORE.NARRATIVE.METHOD;CORE.NARRATIVE.OBJECTIVES;CORE.NARRATIVE.RATIONALE;CORE.NARRATIVE.REFERENCES;CORE.NARRATIVE.SUMMARY;CORE.RESEARCH.NATIONAL_NEED;CORE.RESEARCH.OBJECTIVES;CORE.RESEARCH.PROBLEM;METHOD.PLAN.DATA_COLLECTION;METHOD.PLAN.DESIGN;METHOD.PLAN.POPULATION;METHOD.PLAN.QUALITY;METHOD.PLAN.SAMPLE;RESULTS.CHAIN.BENEFICIARIES;RESULTS.CHAIN.BENEFIT_SUMMARY;RESULTS.CHAIN.UTILIZATION_DESC
HSRI-020,HSRI Knowledge Bank,ระบบฐานข้อมูลสารสนเทศเพื่อการดูแลคนพิการ,0,วรลักษณ์ คงเด่นฟ้า,not in repository record,สถาบันวิจัยระบบสาธารณสุข,1,HSRI,HSRI;NHSO,hdl 11228/4456; contract 58-064; id hs2262,2559,Technical Report,388,4878f37f7db97c034b36869be4dd841e5dfa7d7c2b1341b9ed311efcd1a562bf,https://kb.hsri.or.th/dspace/handle/11228/4456,0,0,0,0,0,0,1,31104,0,0,0,0,0,0,0,0,0,0,1,991,0,0,1,572,1,10619,0,0,0,0,0,0,0,0,0,0,1,5840,1,98083,1,18470,0,0,0,0,0,0,0,0,0,0,0,0,1,22932,1,6251,1,1947,1,19455,1,7093,1,46235,0,1,0,0,0,0,0,0,0,0,0,0,0,0,1,4,0,47,numbered,19,33,BUDGET.PLAN.TOTAL;CORE.ALIGNMENT.POLICY_PATHWAY;CORE.GENERAL.TOTAL_BUDGET;CORE.NARRATIVE.FRAMEWORK;CORE.NARRATIVE.METHOD;CORE.NARRATIVE.OBJECTIVES;CORE.NARRATIVE.RATIONALE;CORE.NARRATIVE.REFERENCES;CORE.NARRATIVE.THEORY;CORE.RESEARCH.BOUNDARY_CONDITIONS;CORE.RESEARCH.CONSTRUCTS;CORE.RESEARCH.GAP;CORE.RESEARCH.NATIONAL_NEED;CORE.RESEARCH.OBJECTIVES;CORE.RESEARCH.PROBLEM;CORE.RESEARCH.RELATIONSHIPS;CORE.RESEARCH.THEORETICAL_FOUNDATIONS;DOC.ATTACHMENTS.DOCUMENTS;FUND.CALL.AGENCY;METHOD.PLAN.DESIGN;RESULTS.CHAIN.IMPACTS;RESULTS.CHAIN.OUTCOMES;RESULTS.CHAIN.OUTPUTS;WORK.PLAN.ACTIVITIES
HSRI-021,HSRI Knowledge Bank,การพัฒนาและการประเมินชุดทดสอบสำหรับการตรวจหาแอนติบอดีต่อเด็งกี่/เลปโตสไปโรสิส/สครับไทฟัส ชนิด IgM/IgG ในชุดทดสอบเดียวกัน,1,อุไรวรรณ โฆษิตานนท์,not in repository record,สถาบันวิจัยระบบสาธารณสุข,1,HSRI,HSRI,hdl 11228/4764; contract 57-051; id hs2350,2560,Technical Report,64,49dceb5f0f41edf2a625513998d3b0669ee22c886c0102c1d3b72a0d8a020335,https://kb.hsri.or.th/dspace/handle/11228/4764,1,4197,1,3454,0,0,1,1378,1,157,0,0,0,0,0,0,0,0,0,0,0,0,0,0,0,0,0,0,0,0,0,0,0,0,0,0,0,0,0,0,1,72614,0,0,0,0,0,0,0,0,0,0,0,0,0,0,0,0,0,0,0,0,1,13884,1,0,0,0,0,0,0,0,0,0,0,0,0,0,0,0,0,0,0,62,numbered,22,17,CORE.GENERAL.KEYWORDS_EN;CORE.GENERAL.KEYWORDS_TH;CORE.NARRATIVE.RATIONALE;CORE.NARRATIVE.REFERENCES;CORE.NARRATIVE.SUMMARY;CORE.RESEARCH.NATIONAL_NEED;CORE.RESEARCH.PROBLEM;DOC.ATTACHMENTS.DOCUMENTS;FUND.CALL.AGENCY
HSRI-022,HSRI Knowledge Bank,ผลของการออกกำลังและการบริโภคอาหารต่อการเกิดโรคสมองเสื่อม โรคไตเรื้อรัง โรคเบาหวาน และโรคหัวใจและหลอดเลือดในประชากรไทยในจังหวัดอุบลราชธานี โครงการต่อเนื่อง ปีที่ 2,1,ประเสริฐ บุญเกิด,not in repository record,สถาบันวิจัยระบบสาธารณสุข,0,,HSRI;THAIHEALTH,hdl 11228/4895; contract 59-069; id hs2419,2560,Technical Report,107,ec59d5e6ecf15314b56cfe97eb3a43bd08f9c323e8b696fecbc058ba919a73d3,https://kb.hsri.or.th/dspace/handle/11228/4895,1,6949,0,0,0,0,0,0,0,0,0,0,0,0,0,0,0,0,1,21780,0,0,0,0,0,0,0,0,0,0,0,0,0,0,0,0,1,3349,0,0,1,49,1,3035,1,19307,1,16330,1,10503,0,0,1,6785,0,0,0,0,1,7842,1,4025,0,0,1,439,0,1,0,0,0,0,0,0,0,1,0,0,0,0,1,4,0,0,none,14,21,BUDGET.PLAN.ITEMS;BUDGET.PLAN.TOTAL;CORE.ALIGNMENT.POLICY_PATHWAY;CORE.GENERAL.TOTAL_BUDGET;CORE.NARRATIVE.OBJECTIVES;CORE.NARRATIVE.RATIONALE;CORE.NARRATIVE.SUMMARY;CORE.RESEARCH.NATIONAL_NEED;CORE.RESEARCH.OBJECTIVES;CORE.RESEARCH.PROBLEM;DOC.ATTACHMENTS.DOCUMENTS;METHOD.PLAN.ANALYSIS;METHOD.PLAN.DATA_COLLECTION;METHOD.PLAN.INSTRUMENTS;METHOD.PLAN.POPULATION;METHOD.PLAN.SAMPLE;RESULTS.CHAIN.IMPACTS;RESULTS.CHAIN.OUTCOMES;RESULTS.CHAIN.OUTPUTS
HSRI-023,HSRI Knowledge Bank,ความตระหนักรู้เกี่ยวกับการใช้ยาอย่างสมเหตุผลในบุคลากรทางการแพทย์,1,กมลนัทธ์ ม่วงยิ้ม,not in repository record,สถาบันวิจัยระบบสาธารณสุข,1,HSRI,HSRI,hdl 11228/4695; contract 57-110; id hs2334,2560,Technical Report,28,4fd2a118d03d9c192a3c2a98a10c9e97e7d57c4dbfe5a4c11bb099ca9f60cef7,https://kb.hsri.or.th/dspace/handle/11228/4695,0,0,0,0,0,0,0,0,1,31,0,0,1,4227,0,0,0,0,1,8734,0,0,1,252,0,0,1,1041,0,0,0,0,0,0,0,0,0,0,0,0,1,3076,1,343,1,11,1,808,1,529,0,0,0,0,0,0,1,205,1,28948,1,2125,1,8634,0,0,0,0,0,0,0,0,0,0,0,0,0,0,0,1,1,9,0,70,numbered,0,2,BUDGET.PLAN.TOTAL;CORE.GENERAL.KEYWORDS_EN;CORE.GENERAL.KEYWORDS_TH;CORE.GENERAL.TOTAL_BUDGET;CORE.NARRATIVE.METHOD;CORE.NARRATIVE.OBJECTIVES;CORE.NARRATIVE.RATIONALE;CORE.NARRATIVE.REFERENCES;CORE.RESEARCH.BOUNDARY_CONDITIONS;CORE.RESEARCH.NATIONAL_NEED;CORE.RESEARCH.OBJECTIVES;CORE.RESEARCH.PROBLEM;METHOD.PLAN.ANALYSIS;METHOD.PLAN.DATA_COLLECTION;METHOD.PLAN.DESIGN;METHOD.PLAN.INSTRUMENTS;METHOD.PLAN.POPULATION;METHOD.PLAN.QUALITY;METHOD.PLAN.SAMPLE;METHOD.PLAN.VARIABLES;RESULTS.CHAIN.UTILIZATION_DESC
HSRI-024,HSRI Knowledge Bank,หลักสูตรฝึกอบรมผู้ปกครองในการคัดกรองและปรับพฤติกรรมเด็กที่มีอาการสมาธิสั้น ปีที่ 1,1,สมัย ศิริทองถาวร,not in repository record,สถาบันวิจัยระบบสาธารณสุข,0,,,hdl 11228/4843; contract 59-008; id hs2391,2560,Technical Report,74,5e6666d617d6672647c8d13dc31e0ad91c92199e9c9f0dcc62bf169004f7fe0a,https://kb.hsri.or.th/dspace/handle/11228/4843,0,0,0,0,0,0,0,0,0,0,0,0,0,0,0,0,0,0,1,49137,0,0,0,0,0,0,0,0,0,0,0,0,1,2142,0,0,1,9948,0,0,1,2421,1,897,0,0,0,0,0,0,0,0,0,0,1,2079,0,0,0,0,1,20,0,0,0,0,0,0,0,0,0,0,0,0,0,0,0,0,0,0,0,29,0,0,none,0,0,CORE.NARRATIVE.OBJECTIVES;CORE.NARRATIVE.RATIONALE;CORE.RESEARCH.NATIONAL_NEED;CORE.RESEARCH.OBJECTIVES;CORE.RESEARCH.PROBLEM;METHOD.PLAN.POPULATION;METHOD.PLAN.SAMPLE;RESULTS.CHAIN.BENEFIT_SUMMARY;RESULTS.CHAIN.IMPACTS;RESULTS.CHAIN.OUTCOMES;RESULTS.CHAIN.OUTPUTS;WORK.PLAN.ACTIVITIES
HSRI-025,HSRI Knowledge Bank,การวิเคราะห์ต้นทุน ประสิทธิผลของระบบการดูแลต่อเนื่องผู้ป่วยจิตเวชกลุ่มเสี่ยงในสถานบริการระดับปฐมภูมิ เปรียบเทียบกับระบบบริการปกติ,0,จุฑามณี ดุษฎีประเสริฐ,not in repository record,สถาบันวิจัยระบบสาธารณสุข,1,HSRI,HSRI;NHSO,hdl 11228/5016; contract 61-017; id hs2467,2561,Technical Report,99,495ab04ea027731cc09a870e3c7048566e0140bada5ef4f3258f1c667a9236ed,https://kb.hsri.or.th/dspace/handle/11228/5016,1,2227,1,2066,0,0,1,1141,1,149,1,1612,1,4829,0,0,0,0,1,681,0,0,1,144,1,1005,1,2987,0,0,0,0,0,0,0,0,1,6572,1,31070,1,3886,1,3774,1,6260,1,836,1,2907,0,0,0,0,0,0,1,458,1,29265,1,4354,1,0,1,32476,0,0,0,0,0,0,0,1,0,1,1,0,0,0,1,4,0,0,none,19,9,BUDGET.PLAN.TOTAL;CORE.ALIGNMENT.POLICY_PATHWAY;CORE.GENERAL.KEYWORDS_EN;CORE.GENERAL.KEYWORDS_TH;CORE.GENERAL.TOTAL_BUDGET;CORE.NARRATIVE.FRAMEWORK;CORE.NARRATIVE.METHOD;CORE.NARRATIVE.OBJECTIVES;CORE.NARRATIVE.RATIONALE;CORE.NARRATIVE.REFERENCES;CORE.NARRATIVE.SUMMARY;CORE.NARRATIVE.THEORY;CORE.RESEARCH.BOUNDARY_CONDITIONS;CORE.RESEARCH.CONSTRUCTS;CORE.RESEARCH.GAP;CORE.RESEARCH.NATIONAL_NEED;CORE.RESEARCH.OBJECTIVES;CORE.RESEARCH.PROBLEM;CORE.RESEARCH.RELATIONSHIPS;CORE.RESEARCH.THEORETICAL_FOUNDATIONS;DOC.ATTACHMENTS.DOCUMENTS;FUND.CALL.AGENCY;METHOD.PLAN.ANALYSIS;METHOD.PLAN.DATA_COLLECTION;METHOD.PLAN.DESIGN;METHOD.PLAN.ETHICS;METHOD.PLAN.INSTRUMENTS;METHOD.PLAN.POPULATION;METHOD.PLAN.SAMPLE;METHOD.PLAN.VARIABLES;RESULTS.CHAIN.IMPACTS;RESULTS.CHAIN.OUTCOMES;RESULTS.CHAIN.OUTPUTS;RESULTS.CHAIN.UTILIZATION_DESC
HSRI-026,HSRI Knowledge Bank,การพัฒนารูปแบบการจัดการปัญหาภาวะอ้วนลงพุงและภาวะแทรกซ้อนของประชากรในเขตกรุงเทพมหานคร ปีที่ 2,1,สุรัตน์ โคมินทร์,not in repository record,not in repository record,0,,HSRI;THAIHEALTH,hdl 11228/4931; contract 59-021; id hs2442,2561,Technical Report,314,840dc2e49f20a5ca67ec595ecc7e22d638ff74c2ed1196aa50834c758e6efb2c,https://kb.hsri.or.th/dspace/handle/11228/4931,0,0,0,0,0,0,0,0,0,0,1,3436,0,0,0,0,0,0,1,389,0,0,1,2598,0,0,0,0,0,0,0,0,1,1432,0,0,0,0,1,30706,1,3264,1,22004,0,0,0,0,0,0,0,0,0,0,1,343,1,735,1,137778,1,65202,1,3960,1,33312,0,1,0,0,0,1,0,1,1,1,0,0,0,0,1,5,0,23,hanging-indent-estimate,57,173,BUDGET.PLAN.TOTAL;COMP.STANDARD.HUMAN;CORE.ALIGNMENT.POLICY_PATHWAY;CORE.GENERAL.TOTAL_BUDGET;CORE.NARRATIVE.METHOD;CORE.NARRATIVE.OBJECTIVES;CORE.NARRATIVE.RATIONALE;CORE.NARRATIVE.REFERENCES;CORE.NARRATIVE.THEORY;CORE.RESEARCH.BOUNDARY_CONDITIONS;CORE.RESEARCH.GAP;CORE.RESEARCH.NATIONAL_NEED;CORE.RESEARCH.OBJECTIVES;CORE.RESEARCH.PROBLEM;CORE.RESEARCH.THEORETICAL_FOUNDATIONS;DOC.ATTACHMENTS.DOCUMENTS;METHOD.PLAN.DESIGN;METHOD.PLAN.ETHICS;METHOD.PLAN.POPULATION;METHOD.PLAN.SAMPLE;RESULTS.CHAIN.BENEFIT_SUMMARY;RESULTS.CHAIN.USERS;RESULTS.CHAIN.UTILIZATION_DESC;WORK.PLAN.ACTIVITIES
HSRI-027,HSRI Knowledge Bank,การพัฒนากลไกการมีส่วนร่วมของภาคประชาสังคมต่อนโยบายของรัฐ เพื่อสนับสนุนการเข้าถึงยาของประชาชนไทย,1,อุษาวดี สุตะภักดิ์,not in repository record,สถาบันวิจัยระบบสาธารณสุข,1,HSRI,HSRI;THAIHEALTH;NHSO,hdl 11228/4842; contract 60-027; id hs2389,2561,Technical Report,150,cf360123a974b28ea445d92665714c2ad552d50b7ac956d0f97032db3afbdbfb,https://kb.hsri.or.th/dspace/handle/11228/4842,0,0,0,0,1,2353,1,15195,0,0,0,0,0,0,0,0,0,0,1,753,0,0,1,479,1,86,0,0,0,0,0,0,0,0,0,0,0,0,1,44406,1,80716,1,1169,0,0,0,0,0,0,0,0,0,0,0,0,1,2253,0,0,0,0,0,0,1,5054,0,1,0,0,0,0,0,1,0,0,0,1,0,0,1,5,0,0,none,5,10,BUDGET.PLAN.TOTAL;CORE.ALIGNMENT.POLICY_PATHWAY;CORE.GENERAL.TOTAL_BUDGET;CORE.NARRATIVE.FRAMEWORK;CORE.NARRATIVE.METHOD;CORE.NARRATIVE.OBJECTIVES;CORE.NARRATIVE.RATIONALE;CORE.NARRATIVE.SUMMARY;CORE.NARRATIVE.THEORY;CORE.RESEARCH.BOUNDARY_CONDITIONS;CORE.RESEARCH.CONSTRUCTS;CORE.RESEARCH.GAP;CORE.RESEARCH.NATIONAL_NEED;CORE.RESEARCH.OBJECTIVES;CORE.RESEARCH.PROBLEM;CORE.RESEARCH.RELATIONSHIPS;CORE.RESEARCH.THEORETICAL_FOUNDATIONS;DOC.ATTACHMENTS.DOCUMENTS;FUND.CALL.AGENCY;METHOD.PLAN.DESIGN;METHOD.PLAN.POPULATION;METHOD.PLAN.QUALITY;METHOD.PLAN.SAMPLE;RESULTS.CHAIN.UTILIZATION_DESC
HSRI-028,HSRI Knowledge Bank,การพัฒนาชุดตรวจสำเร็จรูป (แบบ ELISA และ แบบรวดเร็ว) เพื่อตรวจหา antifilarial IgG4 ที่จำเพาะต่อพยาธิเท้าช้างโดยใช้ ecombinant antigen,1,สิริจิต วงศ์กำชัย,not in repository record,สถาบันวิจัยระบบสาธารณสุข,1,HSRI,HSRI;NRC,hdl 11228/4961; contract 60-045; id hs2456,2561,Technical Report,143,210ff0a864c22965d95c26941c646675b59a3bc271f8eac8f73648f1b6d0ec74,https://kb.hsri.or.th/dspace/handle/11228/4961,1,3229,1,4411,0,0,1,835,1,173,0,0,0,0,0,0,0,0,1,27224,0,0,0,0,0,0,0,0,0,0,0,0,0,0,0,0,0,0,1,18229,1,8736,0,0,0,0,0,0,1,46054,0,0,0,0,0,0,1,0,1,0,1,0,1,7099,1,13,0,0,0,0,0,0,0,1,0,1,0,0,0,0,1,12,0,51,hanging-indent-estimate,6,38,BUDGET.PLAN.TOTAL;CORE.GENERAL.KEYWORDS_EN;CORE.GENERAL.KEYWORDS_TH;CORE.GENERAL.TOTAL_BUDGET;CORE.NARRATIVE.METHOD;CORE.NARRATIVE.OBJECTIVES;CORE.NARRATIVE.RATIONALE;CORE.NARRATIVE.REFERENCES;CORE.NARRATIVE.SUMMARY;CORE.NARRATIVE.THEORY;CORE.RESEARCH.GAP;CORE.RESEARCH.NATIONAL_NEED;CORE.RESEARCH.OBJECTIVES;CORE.RESEARCH.PROBLEM;CORE.RESEARCH.THEORETICAL_FOUNDATIONS;DOC.ATTACHMENTS.DOCUMENTS;FUND.CALL.AGENCY;METHOD.PLAN.ANALYSIS;METHOD.PLAN.DESIGN;METHOD.PLAN.SAMPLE;RESULTS.CHAIN.UTILIZATION_DESC
HSRI-029,HSRI Knowledge Bank,การพัฒนาเครื่องวัดความเข้มข้นของเลือดแบบไม่รุกล้ำเพื่อการดูแลรักษาผู้ป่วยไข้เลือดออกเดงกี่,1,ยศชนัน วงศ์สวัสดิ์,not in repository record,สถาบันวิจัยระบบสาธารณสุข,1,HSRI,HSRI,hdl 11228/5022; contract 60-025; id hs2470,2562,Technical Report,73,ee8ab502cf1d73e88eada7e44e0f1d3fb765f224b23b543416e2343b8294b99f,https://kb.hsri.or.th/dspace/handle/11228/5022,1,2785,1,6520,0,0,1,971,0,0,0,0,1,1961,0,0,0,0,0,0,0,0,0,0,0,0,0,0,0,0,0,0,0,0,0,0,0,0,1,5902,1,0,1,11841,0,0,1,7588,1,5451,0,0,0,0,0,0,1,991,1,22208,1,4703,1,1174,1,2136,0,0,0,0,0,0,0,1,0,0,0,0,0,0,1,0,0,6,numbered,0,55,BUDGET.PLAN.TOTAL;CORE.GENERAL.TOTAL_BUDGET;CORE.NARRATIVE.METHOD;CORE.NARRATIVE.RATIONALE;CORE.NARRATIVE.REFERENCES;CORE.NARRATIVE.SUMMARY;CORE.NARRATIVE.THEORY;CORE.RESEARCH.GAP;CORE.RESEARCH.NATIONAL_NEED;CORE.RESEARCH.PROBLEM;CORE.RESEARCH.THEORETICAL_FOUNDATIONS;DOC.ATTACHMENTS.DOCUMENTS;FUND.CALL.AGENCY;METHOD.PLAN.ANALYSIS;METHOD.PLAN.DATA_COLLECTION;METHOD.PLAN.DESIGN;METHOD.PLAN.POPULATION;METHOD.PLAN.SAMPLE;RESULTS.CHAIN.UTILIZATION_DESC
HSRI-030,HSRI Knowledge Bank,การพัฒนารูปแบบการดูแลผู้ป่วยนอกโรคหัวใจล้มเหลวโดยสหสาขาวิชาชีพ,0,อุษาศิริ ศรีสกุล,not in repository record,สถาบันวิจัยระบบสาธารณสุข,0,,HSRI,hdl 11228/5050; contract 61-001; id hs2485,2562,Technical Report,114,a3f3ccdf2108ecd4b51e4d97cc8ca24046d2c54619661c1c5f7ed32718559ba4,https://kb.hsri.or.th/dspace/handle/11228/5050,0,0,1,9557,0,0,1,3787,0,0,0,0,0,0,0,0,0,0,1,323,0,0,0,0,0,0,0,0,0,0,0,0,0,0,0,0,1,3233,1,8922,1,7866,0,0,1,7082,0,0,0,0,0,0,0,0,1,879,1,2752,1,48538,1,24700,0,0,1,0,0,1,0,0,0,0,0,0,1,0,0,0,0,0,0,4,0,0,none,22,33,COMP.STANDARD.HUMAN;CORE.ALIGNMENT.POLICY_PATHWAY;CORE.NARRATIVE.METHOD;CORE.NARRATIVE.OBJECTIVES;CORE.NARRATIVE.RATIONALE;CORE.NARRATIVE.SUMMARY;CORE.NARRATIVE.THEORY;CORE.RESEARCH.GAP;CORE.RESEARCH.NATIONAL_NEED;CORE.RESEARCH.OBJECTIVES;CORE.RESEARCH.PROBLEM;CORE.RESEARCH.THEORETICAL_FOUNDATIONS;DOC.ATTACHMENTS.DOCUMENTS;FUND.CALL.AGENCY;METHOD.PLAN.DESIGN;METHOD.PLAN.ETHICS;METHOD.PLAN.INSTRUMENTS;RESULTS.CHAIN.IMPACTS;RESULTS.CHAIN.OUTCOMES;RESULTS.CHAIN.OUTPUTS;WORK.PLAN.ACTIVITIES
HSRI-031,HSRI Knowledge Bank,การพัฒนานักวิจัยหน้าใหม่ระดับพื้นที่จากงานประจำสู่งานวิจัยระดับประเทศ ปี 2562 : ฐานข้อมูลนักวิจัยหน้าใหม่,1,ณัฏฐญา พัฒนะวาณิชนันท์,not in repository record,สถาบันวิจัยระบบสาธารณสุข,1,HSRI,HSRI;THAIHEALTH;NHSO,hdl 11228/5124; contract 62-078; id hs2519,2562,Technical Report,21,4714564db4e0af829cb395bd8cc219e5fdb3b5304a715de3695986fa1dd4f5e6,https://kb.hsri.or.th/dspace/handle/11228/5124,0,0,0,0,1,1797,0,0,0,0,0,0,0,0,0,0,0,0,0,0,0,0,0,0,0,0,0,0,0,0,0,0,0,0,0,0,0,0,0,0,0,0,0,0,0,0,0,0,0,0,0,0,0,0,0,0,0,0,1,17478,0,0,0,0,0,0,0,0,0,0,0,0,0,0,0,0,0,1,0,0,0,0,0,0,none,4,0,CORE.NARRATIVE.SUMMARY;METHOD.PLAN.QUALITY
HSRI-032,HSRI Knowledge Bank,การพัฒนาการตรวจวินิจฉัยโรคติดเชื้อรา Penicillium marneffei โดยใช้โมโนโคนอลแอนติบอดี 4D1 ที่จำเพาะต่อเชื้อ,1,สิริดา ยังฉิม,not in repository record,สถาบันวิจัยระบบสาธารณสุข,1,HSRI,HSRI,hdl 11228/5166; contract 60-070; id hs2536,2562,Technical Report,121,d4b5f7d2839373ed02118b10a7b3f2d39395e2ec450c115a1a745d0eb285c5aa,https://kb.hsri.or.th/dspace/handle/11228/5166,1,4638,1,4701,0,0,1,476,1,311,0,0,0,0,0,0,0,0,1,305,0,0,0,0,0,0,0,0,0,0,0,0,0,0,0,0,0,0,1,35147,0,0,0,0,0,0,0,0,0,0,0,0,0,0,0,0,1,24184,1,22588,1,14104,1,6354,1,35840,0,0,0,0,0,0,0,0,0,0,0,0,0,0,0,0,0,35,numbered,12,35,CORE.GENERAL.KEYWORDS_EN;CORE.GENERAL.KEYWORDS_TH;CORE.NARRATIVE.METHOD;CORE.NARRATIVE.OBJECTIVES;CORE.NARRATIVE.REFERENCES;CORE.NARRATIVE.SUMMARY;CORE.NARRATIVE.THEORY;CORE.RESEARCH.GAP;CORE.RESEARCH.OBJECTIVES;CORE.RESEARCH.THEORETICAL_FOUNDATIONS;DOC.ATTACHMENTS.DOCUMENTS;FUND.CALL.AGENCY;METHOD.PLAN.DESIGN
HSRI-033,HSRI Knowledge Bank,การสังเคราะห์ข้อเสนอเชิงนโยบายเพื่อพัฒนาบทบาทของวิทยาลัยภายใต้พระราชบัญญัติสถาบันพระบรมราชชนกในการสร้างความเข้มแข็งของบุคลากรสาธารณสุขสำหรับการสนับสนุนทีมหมอครอบครัว,1,อติญาณ์ ศรเกษตริน,not in repository record,สถาบันวิจัยระบบสาธารณสุข,1,HSRI,HSRI,hdl 11228/5261; contract 62-058; id hs2597,2563,Technical Report,165,e673a1e7d0b23a48d0c9ee91e5a40faed1336718fd31c54c45fe5140ba13ccd7,https://kb.hsri.or.th/dspace/handle/11228/5261,1,6411,1,6121,1,12476,1,870,1,127,0,0,1,2029,0,0,0,0,1,774,0,0,1,1039,1,1027,1,623,0,0,0,0,1,333,0,0,0,0,1,54473,1,7595,1,6867,1,187,1,3816,1,3499,0,0,0,0,0,0,1,1956,1,133409,1,56396,1,7747,1,14690,0,1,0,0,0,0,0,1,0,1,0,1,0,1,1,5,0,44,hanging-indent-estimate,19,1,BUDGET.PLAN.TOTAL;CORE.ALIGNMENT.POLICY_PATHWAY;CORE.GENERAL.KEYWORDS_EN;CORE.GENERAL.KEYWORDS_TH;CORE.GENERAL.TOTAL_BUDGET;CORE.NARRATIVE.FRAMEWORK;CORE.NARRATIVE.METHOD;CORE.NARRATIVE.OBJECTIVES;CORE.NARRATIVE.RATIONALE;CORE.NARRATIVE.REFERENCES;CORE.NARRATIVE.SUMMARY;CORE.NARRATIVE.THEORY;CORE.RESEARCH.BOUNDARY_CONDITIONS;CORE.RESEARCH.CONSTRUCTS;CORE.RESEARCH.GAP;CORE.RESEARCH.NATIONAL_NEED;CORE.RESEARCH.OBJECTIVES;CORE.RESEARCH.PROBLEM;CORE.RESEARCH.RELATIONSHIPS;CORE.RESEARCH.THEORETICAL_FOUNDATIONS;DOC.ATTACHMENTS.DOCUMENTS;FUND.CALL.AGENCY;METHOD.PLAN.ANALYSIS;METHOD.PLAN.DATA_COLLECTION;METHOD.PLAN.DESIGN;METHOD.PLAN.INSTRUMENTS;METHOD.PLAN.POPULATION;METHOD.PLAN.QUALITY;METHOD.PLAN.SAMPLE;METHOD.PLAN.VARIABLES;RESULTS.CHAIN.BENEFIT_SUMMARY;RESULTS.CHAIN.UTILIZATION_DESC
HSRI-034,HSRI Knowledge Bank,การวิจัยพัฒนารูปแบบและแนวทางการจัดบริการแบบบูรณาการโดยยึดประชาชนเป็นศูนย์กลางของเครือข่ายบริการปฐมภูมิ,1,ดวงดาว ศรียากูล,not in repository record,สถาบันวิจัยระบบสาธารณสุข,1,HSRI,HSRI,hdl 11228/5212; contract 62-028; id hs2563,2563,Technical Report,74,555006d557b20fbe4cd6114c40f4e18b6860e962dfdced1cacd64d6ed3dc326d,https://kb.hsri.or.th/dspace/handle/11228/5212,0,0,0,0,0,0,0,0,0,0,0,0,1,5323,0,0,0,0,1,1118,0,0,0,0,0,0,0,0,0,0,0,0,0,0,0,0,0,0,0,0,0,0,0,0,0,0,0,0,0,0,0,0,0,0,0,0,0,0,1,818,0,0,1,28683,1,8092,0,0,0,0,0,0,0,0,0,0,0,0,0,0,0,4,0,47,numbered,0,3,CORE.NARRATIVE.OBJECTIVES;CORE.NARRATIVE.REFERENCES;CORE.RESEARCH.OBJECTIVES;DOC.ATTACHMENTS.DOCUMENTS;RESULTS.CHAIN.UTILIZATION_DESC
HSRI-035,HSRI Knowledge Bank,การพัฒนาสภาพแวดล้อมภายในที่พักอาศัยเพื่อการฟื้นฟูผู้สูงอายุภาวะซึมเศร้า,1,นวลวรรณ ทวยเจริญ,not in repository record,สถาบันวิจัยระบบสาธารณสุข,1,HSRI,HSRI,hdl 11228/5143; contract 61-029; id hs2528,2563,Technical Report,748,667ed07ff1d42cc0068040bda4cf6974139466c6f9ff77a5f98b2fd1a0a132ab,https://kb.hsri.or.th/dspace/handle/11228/5143,1,1446,1,1407,1,4297,1,1137,1,126,0,0,1,0,0,0,0,0,1,6674,0,0,1,411,0,0,0,0,0,0,0,0,1,566,0,0,0,0,1,21873,1,56444,0,0,0,0,0,0,0,0,0,0,0,0,0,0,1,46345,1,174485,1,64409,1,15289,1,83542,0,1,0,0,0,0,0,1,0,0,0,0,0,0,1,15,0,110,hanging-indent-estimate,164,296,BUDGET.PLAN.TOTAL;CORE.ALIGNMENT.POLICY_PATHWAY;CORE.GENERAL.KEYWORDS_EN;CORE.GENERAL.KEYWORDS_TH;CORE.GENERAL.TOTAL_BUDGET;CORE.NARRATIVE.METHOD;CORE.NARRATIVE.OBJECTIVES;CORE.NARRATIVE.RATIONALE;CORE.NARRATIVE.REFERENCES;CORE.NARRATIVE.SUMMARY;CORE.NARRATIVE.THEORY;CORE.RESEARCH.BOUNDARY_CONDITIONS;CORE.RESEARCH.GAP;CORE.RESEARCH.NATIONAL_NEED;CORE.RESEARCH.OBJECTIVES;CORE.RESEARCH.PROBLEM;CORE.RESEARCH.THEORETICAL_FOUNDATIONS;DOC.ATTACHMENTS.DOCUMENTS;FUND.CALL.AGENCY;METHOD.PLAN.DESIGN;RESULTS.CHAIN.BENEFIT_SUMMARY;RESULTS.CHAIN.UTILIZATION_DESC
HSRI-036,HSRI Knowledge Bank,การศึกษาผลการรักษาทางคลินิก คุณภาพชีวิตและความคุ้มค่าคุ้มทุนของผู้ป่วยที่ได้รับการผ่าตัดเพื่อเปิดทางระบายน้ำจากช่องหน้าลูกตาไปใต้เยื่อบุตา (Trabeculectomy) เทียบกับการใช้ยาลดความดันตา,1,ปริญญ์ โรจนพงศ์พันธุ์,not in repository record,สถาบันวิจัยระบบสาธารณสุข,1,HSRI,HSRI,hdl 11228/5177; contract 60-043; id hs2543,2563,Technical Report,74,f3063b41c518ad6ec3c8b2da78ef8294286e734242566c437195b6df30751e60,https://kb.hsri.or.th/dspace/handle/11228/5177,1,2396,1,1527,0,0,1,297,1,489,1,655,0,0,0,0,0,0,1,421,0,0,0,0,0,0,0,0,0,0,0,0,0,0,0,0,1,2818,0,0,1,4865,0,0,0,0,0,0,0,0,0,0,0,0,1,1195,1,9459,1,15778,1,8751,1,3268,1,0,0,0,0,0,0,0,0,1,1,1,1,0,0,0,0,5,0,13,numbered,11,8,COMP.STANDARD.HUMAN;CORE.ALIGNMENT.POLICY_PATHWAY;CORE.GENERAL.KEYWORDS_EN;CORE.GENERAL.KEYWORDS_TH;CORE.NARRATIVE.METHOD;CORE.NARRATIVE.OBJECTIVES;CORE.NARRATIVE.RATIONALE;CORE.NARRATIVE.REFERENCES;CORE.NARRATIVE.SUMMARY;CORE.RESEARCH.NATIONAL_NEED;CORE.RESEARCH.OBJECTIVES;CORE.RESEARCH.PROBLEM;DOC.ATTACHMENTS.DOCUMENTS;FUND.CALL.AGENCY;METHOD.PLAN.DESIGN;METHOD.PLAN.ETHICS;METHOD.PLAN.SAMPLE;RESULTS.CHAIN.IMPACTS;RESULTS.CHAIN.OUTCOMES;RESULTS.CHAIN.OUTPUTS;RESULTS.CHAIN.UTILIZATION_DESC;WORK.PLAN.ACTIVITIES
HSRI-037,HSRI Knowledge Bank,การประกันสุขภาพและความล่าช้าในการเข้าถึงและรับการดูแลรักษาของผู้ป่วยวัณโรคที่เป็นแรงงานข้ามชาติชาวพม่าในพื้นที่ชายแดนของประเทศไทย,1,ทิพวรรณ เลียบสื่อตระกูล,not in repository record,สถาบันวิจัยระบบสาธารณสุข,1,HSRI,HSRI;THAIHEALTH,hdl 11228/5345; contract 62-082; id hs2658,2564,Technical Report,66,a678743787d3c044307da74d9c9e5ee280eee658b6917eb513ef206064bcd157,https://kb.hsri.or.th/dspace/handle/11228/5345,0,0,0,0,0,0,0,0,1,124,0,0,1,3438,0,0,0,0,1,396,0,0,0,0,0,0,0,0,0,0,0,0,0,0,0,0,1,11180,1,21550,1,13947,0,0,0,0,0,0,1,0,0,0,0,0,1,66,1,13199,1,12225,1,11411,1,19034,1,541,0,0,0,0,0,0,0,0,1,1,0,0,1,0,1,4,0,108,numbered,13,9,BUDGET.PLAN.TOTAL;COMP.STANDARD.HUMAN;CORE.GENERAL.KEYWORDS_EN;CORE.GENERAL.KEYWORDS_TH;CORE.GENERAL.TOTAL_BUDGET;CORE.NARRATIVE.METHOD;CORE.NARRATIVE.OBJECTIVES;CORE.NARRATIVE.RATIONALE;CORE.NARRATIVE.REFERENCES;CORE.NARRATIVE.THEORY;CORE.RESEARCH.GAP;CORE.RESEARCH.NATIONAL_NEED;CORE.RESEARCH.OBJECTIVES;CORE.RESEARCH.PROBLEM;CORE.RESEARCH.THEORETICAL_FOUNDATIONS;DOC.ATTACHMENTS.DOCUMENTS;METHOD.PLAN.ANALYSIS;METHOD.PLAN.DESIGN;METHOD.PLAN.ETHICS;METHOD.PLAN.QUALITY;METHOD.PLAN.SAMPLE;RESULTS.CHAIN.IMPACTS;RESULTS.CHAIN.OUTCOMES;RESULTS.CHAIN.OUTPUTS;RESULTS.CHAIN.UTILIZATION_DESC;WORK.PLAN.ACTIVITIES
HSRI-038,HSRI Knowledge Bank,การประเมินผลเชิงพัฒนา (Developmental Evaluation) โครงการนำร่องผู้ป่วยรับยาที่ร้านยาเพื่อลดความแออัดในโรงพยาบาลกาฬสินธุ์,1,กรแก้ว จันทภาษา,not in repository record,สถาบันวิจัยระบบสาธารณสุข,1,HSRI,HSRI;NHSO,hdl 11228/5464; contract 63-031; id hs2741,2564,Technical Report,58,9166a216ca47c72cb3c5c7895f7d0c65c2dbf2aa4ac588237d853fbaa310b320,https://kb.hsri.or.th/dspace/handle/11228/5464,1,1590,0,0,1,15,1,570,1,46,1,1157,1,0,0,0,0,0,1,987,0,0,0,0,1,46,0,0,0,0,0,0,1,318,0,0,1,7066,1,2046,1,14666,0,0,0,0,0,0,0,0,0,0,0,0,1,49,1,2322,1,37635,1,3640,0,0,0,0,0,1,0,0,0,0,0,1,0,0,0,1,1,1,1,3,0,0,none,12,5,BUDGET.PLAN.TOTAL;CORE.ALIGNMENT.POLICY_PATHWAY;CORE.GENERAL.KEYWORDS_EN;CORE.GENERAL.KEYWORDS_TH;CORE.GENERAL.TOTAL_BUDGET;CORE.NARRATIVE.FRAMEWORK;CORE.NARRATIVE.METHOD;CORE.NARRATIVE.OBJECTIVES;CORE.NARRATIVE.RATIONALE;CORE.NARRATIVE.SUMMARY;CORE.NARRATIVE.THEORY;CORE.RESEARCH.CONSTRUCTS;CORE.RESEARCH.GAP;CORE.RESEARCH.NATIONAL_NEED;CORE.RESEARCH.OBJECTIVES;CORE.RESEARCH.PROBLEM;CORE.RESEARCH.RELATIONSHIPS;CORE.RESEARCH.THEORETICAL_FOUNDATIONS;FUND.CALL.AGENCY;METHOD.PLAN.DESIGN;METHOD.PLAN.QUALITY;RESULTS.CHAIN.BENEFIT_SUMMARY;RESULTS.CHAIN.IMPACTS;RESULTS.CHAIN.OUTCOMES;RESULTS.CHAIN.OUTPUTS;RESULTS.CHAIN.UTILIZATION_DESC;WORK.PLAN.ACTIVITIES
HSRI-039,HSRI Knowledge Bank,การศึกษาปัจจัยที่มีส่วนร่วมและกลไกในระดับโมเลกุลที่ส่งผลให้เชื้อวัณโรคดื้อยาหลายขนานสายพันธุ์ Beijing ST10 กาญจนบุรี ซึ่งเป็น clonal outbreak MDR-TB strain มีความสามารถพิเศษในการแพร่เชื้อและก่อโรคได้ดีกว่าสายพันธุ์อื่นในประเทศไทย (ปีที่ 2),0,มาริสา พลพวก,not in repository record,สถาบันวิจัยระบบสาธารณสุข,1,HSRI,HSRI,hdl 11228/5366; contract 63-039; id hs2680,2564,Technical Report,88,e60c7221fec0924d63848e63b9116dc26547cf9db12ea3782a6eef7fe22cbe76,https://kb.hsri.or.th/dspace/handle/11228/5366,1,2501,1,2101,0,0,1,727,0,0,0,0,0,0,0,0,0,0,1,929,0,0,0,0,0,0,0,0,0,0,0,0,0,0,0,0,0,0,1,7400,1,3768,0,0,0,0,0,0,0,0,0,0,0,0,0,0,1,2099,1,13233,1,4238,1,6943,1,1308,0,0,0,0,0,0,0,0,0,0,0,0,0,0,0,5,0,38,hanging-indent-estimate,2,16,CORE.NARRATIVE.METHOD;CORE.NARRATIVE.OBJECTIVES;CORE.NARRATIVE.RATIONALE;CORE.NARRATIVE.REFERENCES;CORE.NARRATIVE.SUMMARY;CORE.NARRATIVE.THEORY;CORE.RESEARCH.GAP;CORE.RESEARCH.NATIONAL_NEED;CORE.RESEARCH.OBJECTIVES;CORE.RESEARCH.PROBLEM;CORE.RESEARCH.THEORETICAL_FOUNDATIONS;DOC.ATTACHMENTS.DOCUMENTS;FUND.CALL.AGENCY;METHOD.PLAN.DESIGN
HSRI-040,HSRI Knowledge Bank,การพัฒนาคุณภาพการดูแลผู้ป่วยวัณโรคดื้อยาหลายขนานโดยใช้ระบบทะเบียนวัณโรคแบบอิเล็กทรอนิกส์,1,ณสิกาญจน์ อังคเศกวินัย,not in repository record,สถาบันวิจัยระบบสาธารณสุข,1,HSRI,HSRI,hdl 11228/5303; contract 62-010; id hs2631,2564,Technical Report,51,27fe1c974ed91e80430f64b6f0e026e32df0f09197f8d7d52b802f7234a230d8,https://kb.hsri.or.th/dspace/handle/11228/5303,1,3304,1,3112,0,0,0,0,1,108,1,26008,0,0,0,0,0,0,1,431,0,0,0,0,0,0,0,0,0,0,0,0,0,0,0,0,0,0,1,7977,1,3071,0,0,0,0,0,0,0,0,0,0,0,0,0,0,1,2770,1,8882,1,4082,1,0,1,1236,0,1,0,0,0,0,0,1,0,1,0,0,0,0,0,5,0,0,none,11,1,CORE.ALIGNMENT.POLICY_PATHWAY;CORE.GENERAL.KEYWORDS_EN;CORE.GENERAL.KEYWORDS_TH;CORE.NARRATIVE.METHOD;CORE.NARRATIVE.OBJECTIVES;CORE.NARRATIVE.RATIONALE;CORE.NARRATIVE.REFERENCES;CORE.NARRATIVE.SUMMARY;CORE.NARRATIVE.THEORY;CORE.RESEARCH.GAP;CORE.RESEARCH.NATIONAL_NEED;CORE.RESEARCH.OBJECTIVES;CORE.RESEARCH.PROBLEM;CORE.RESEARCH.THEORETICAL_FOUNDATIONS;DOC.ATTACHMENTS.DOCUMENTS;METHOD.PLAN.DESIGN;METHOD.PLAN.SAMPLE;RESULTS.CHAIN.UTILIZATION_DESC
HSRI-041,HSRI Knowledge Bank,การสังเคราะห์ข้อเสนอเชิงนโยบายในการพัฒนากำลังคนด้านการพยาบาล: การผลิต การกระจาย การธำรงรักษา เพื่อตอบสนองต่อสถานการณ์การระบาดของโรคระบาดใหญ่,1,อติญาณ์ ศรเกษตริน,not in repository record,สถาบันวิจัยระบบสาธารณสุข,1,HSRI,HSRI,hdl 11228/5532; contract 64-021; id hs2777,2565,Technical Report,168,137acc601ca74d398340fb56505b3b68f6b2b68456e4f761227fbe9993c1617c,https://kb.hsri.or.th/dspace/handle/11228/5532,1,1921,1,1634,1,10012,1,792,1,161,1,42243,1,1003,0,0,0,0,1,627,0,0,1,849,1,2212,1,992,0,0,0,0,0,0,1,4623,1,3702,1,66557,1,10259,1,1226,1,189,1,1716,1,965,1,911,0,0,0,0,1,2405,1,117502,1,13923,1,10794,1,3488,0,1,1,0,0,0,0,1,1,1,0,1,0,1,1,3,0,63,hanging-indent-estimate,8,0,BUDGET.PLAN.TOTAL;COMP.STANDARD.HUMAN;COMP.STANDARD.RESEARCH_ETHICS;CORE.ALIGNMENT.POLICY_PATHWAY;CORE.GENERAL.KEYWORDS_EN;CORE.GENERAL.KEYWORDS_TH;CORE.GENERAL.MASTER_PLAN;CORE.GENERAL.TOTAL_BUDGET;CORE.NARRATIVE.FRAMEWORK;CORE.NARRATIVE.METHOD;CORE.NARRATIVE.OBJECTIVES;CORE.NARRATIVE.RATIONALE;CORE.NARRATIVE.REFERENCES;CORE.NARRATIVE.SUMMARY;CORE.NARRATIVE.THEORY;CORE.RESEARCH.BOUNDARY_CONDITIONS;CORE.RESEARCH.CONSTRUCTS;CORE.RESEARCH.GAP;CORE.RESEARCH.NATIONAL_NEED;CORE.RESEARCH.OBJECTIVES;CORE.RESEARCH.PROBLEM;CORE.RESEARCH.RELATIONSHIPS;CORE.RESEARCH.THEORETICAL_FOUNDATIONS;DOC.ATTACHMENTS.DOCUMENTS;FUND.CALL.AGENCY;METHOD.PLAN.ANALYSIS;METHOD.PLAN.DATA_COLLECTION;METHOD.PLAN.DESIGN;METHOD.PLAN.ETHICS;METHOD.PLAN.INSTRUMENTS;METHOD.PLAN.POPULATION;METHOD.PLAN.QUALITY;METHOD.PLAN.SAMPLE;METHOD.PLAN.VARIABLES;RESULTS.CHAIN.IMPACTS;RESULTS.CHAIN.OUTCOMES;RESULTS.CHAIN.OUTPUTS;RESULTS.CHAIN.UTILIZATION_DESC;RESULTS.CHAIN.UTILIZATION_DOMAIN
HSRI-042,HSRI Knowledge Bank,การศึกษาปัจจัยที่มีผลต่อคุณภาพชีวิตแพทย์และพยาบาลห้องฉุกเฉินในโรงพยาบาลภาครัฐและเอกชนที่ได้รับผลกระทบจากโควิด-19 ในเขตพื้นที่ EEC,1,พัชร์วลีย์ นวลละออง,not in repository record,สถาบันวิจัยระบบสาธารณสุข,1,HSRI,HSRI,hdl 11228/5503; contract 64-070; id hs2770,2565,Technical Report,191,b442e3dd87148f86f2d6c19e3e47a2b12ad95cd4973fa8d48034a48be7dbf8a0,https://kb.hsri.or.th/dspace/handle/11228/5503,1,2823,1,2682,0,0,1,1009,1,158,0,0,1,4476,0,0,1,7027,1,845,0,0,0,0,1,0,1,1418,1,105,0,0,1,28,0,0,1,0,1,22642,1,11541,1,2083,1,3055,0,0,1,754,0,0,0,0,1,1989,1,26235,1,63592,1,11822,1,22237,1,8204,0,1,0,0,0,1,0,1,0,1,0,1,0,0,1,6,0,117,hanging-indent-estimate,21,9,BUDGET.PLAN.TOTAL;CORE.ALIGNMENT.POLICY_PATHWAY;CORE.GENERAL.KEYWORDS_EN;CORE.GENERAL.KEYWORDS_TH;CORE.GENERAL.TOTAL_BUDGET;CORE.NARRATIVE.FRAMEWORK;CORE.NARRATIVE.METHOD;CORE.NARRATIVE.OBJECTIVES;CORE.NARRATIVE.RATIONALE;CORE.NARRATIVE.REFERENCES;CORE.NARRATIVE.SUMMARY;CORE.NARRATIVE.THEORY;CORE.RESEARCH.CONSTRUCTS;CORE.RESEARCH.GAP;CORE.RESEARCH.HYPOTHESES;CORE.RESEARCH.NATIONAL_NEED;CORE.RESEARCH.OBJECTIVES;CORE.RESEARCH.PROBLEM;CORE.RESEARCH.RELATIONSHIPS;CORE.RESEARCH.THEORETICAL_FOUNDATIONS;DOC.ATTACHMENTS.DOCUMENTS;FUND.CALL.AGENCY;GEO.AREA.RESEARCH_USERS;METHOD.PLAN.ANALYSIS;METHOD.PLAN.DESIGN;METHOD.PLAN.INSTRUMENTS;METHOD.PLAN.POPULATION;METHOD.PLAN.QUALITY;METHOD.PLAN.SAMPLE;METHOD.PLAN.VARIABLES;RESULTS.CHAIN.BENEFIT_SUMMARY;RESULTS.CHAIN.IMPACTS;RESULTS.CHAIN.OUTCOMES;RESULTS.CHAIN.OUTPUTS;RESULTS.CHAIN.USERS;RESULTS.CHAIN.UTILIZATION_DESC;WORK.PLAN.ACTIVITIES
HSRI-043,HSRI Knowledge Bank,การศึกษาประเด็นท้าทายเพื่อพัฒนากรอบการติดตามและการประเมินผลของนโยบายวัคซีนโควิด-19 ในประเทศไทย,1,วรรณฤดี อิสรานุวัฒน์ชัย,not in repository record,สถาบันวิจัยระบบสาธารณสุข,1,HSRI;NRC,HSRI;TRF_SRI;NRC,hdl 11228/5605; contract 64-061; id hs2812,2565,Technical Report,214,2f9b68b2727ab6eefaa570511ed6f845f1fafd4855e27dd934e93842e5eef267,https://kb.hsri.or.th/dspace/handle/11228/5605,0,0,1,1542,1,8613,1,1384,1,174,0,0,1,110650,0,0,0,0,1,8761,0,0,1,228,0,0,0,0,0,0,0,0,0,0,0,0,1,12041,1,10074,1,8865,0,0,0,0,0,0,1,163,0,0,0,0,1,66,1,2923,1,142124,1,32252,1,0,1,8303,0,1,1,0,0,1,0,1,1,1,1,1,1,1,0,4,0,0,none,10,5,COMP.STANDARD.HUMAN;CORE.ALIGNMENT.POLICY_PATHWAY;CORE.GENERAL.KEYWORDS_EN;CORE.GENERAL.KEYWORDS_TH;CORE.GENERAL.MASTER_PLAN;CORE.NARRATIVE.METHOD;CORE.NARRATIVE.OBJECTIVES;CORE.NARRATIVE.RATIONALE;CORE.NARRATIVE.REFERENCES;CORE.NARRATIVE.SUMMARY;CORE.NARRATIVE.THEORY;CORE.RESEARCH.BOUNDARY_CONDITIONS;CORE.RESEARCH.GAP;CORE.RESEARCH.NATIONAL_NEED;CORE.RESEARCH.OBJECTIVES;CORE.RESEARCH.PROBLEM;CORE.RESEARCH.THEORETICAL_FOUNDATIONS;DOC.ATTACHMENTS.DOCUMENTS;FUND.CALL.AGENCY;METHOD.PLAN.ANALYSIS;METHOD.PLAN.DESIGN;METHOD.PLAN.ETHICS;METHOD.PLAN.QUALITY;METHOD.PLAN.SAMPLE;RESULTS.CHAIN.IMPACTS;RESULTS.CHAIN.OUTCOMES;RESULTS.CHAIN.OUTPUTS;RESULTS.CHAIN.USERS;RESULTS.CHAIN.UTILIZATION_DESC;WORK.PLAN.ACTIVITIES
HSRI-044,HSRI Knowledge Bank,การทบทวนวรรณกรรมค่าอรรถประโยชน์ด้านสุขภาพสำหรับผู้ป่วยโรคมะเร็งในประเทศไทย,1,กฤตภาส กังวานรัตนกุล,not in repository record,สถาบันวิจัยระบบสาธารณสุข,1,HSRI,HSRI,hdl 11228/5486; contract 64-066; id hs2753,2565,Technical Report,84,679b900d0ed6c696cb9e5b37c97a71fa4ac7066d3d89d29a79f51b9a70f52297,https://kb.hsri.or.th/dspace/handle/11228/5486,1,2521,1,2274,1,1656,1,182,1,73,0,0,1,760,0,0,0,0,1,944,0,0,1,455,0,0,0,0,0,0,0,0,0,0,0,0,1,173,1,0,1,5149,0,0,0,0,0,0,1,327,0,0,0,0,0,0,1,3776,1,36655,1,12082,1,18789,0,0,0,0,0,0,0,0,0,0,0,1,0,1,0,0,1,10,0,105,numbered,3,5,BUDGET.PLAN.TOTAL;CORE.GENERAL.KEYWORDS_EN;CORE.GENERAL.KEYWORDS_TH;CORE.GENERAL.TOTAL_BUDGET;CORE.NARRATIVE.METHOD;CORE.NARRATIVE.OBJECTIVES;CORE.NARRATIVE.RATIONALE;CORE.NARRATIVE.REFERENCES;CORE.NARRATIVE.SUMMARY;CORE.NARRATIVE.THEORY;CORE.RESEARCH.BOUNDARY_CONDITIONS;CORE.RESEARCH.GAP;CORE.RESEARCH.NATIONAL_NEED;CORE.RESEARCH.OBJECTIVES;CORE.RESEARCH.PROBLEM;CORE.RESEARCH.THEORETICAL_FOUNDATIONS;FUND.CALL.AGENCY;METHOD.PLAN.ANALYSIS;METHOD.PLAN.DESIGN;METHOD.PLAN.QUALITY;METHOD.PLAN.SAMPLE;RESULTS.CHAIN.IMPACTS;RESULTS.CHAIN.OUTCOMES;RESULTS.CHAIN.OUTPUTS;RESULTS.CHAIN.UTILIZATION_DESC
HSRI-045,HSRI Knowledge Bank,การพัฒนาระบบระเบียนสุขภาพอิเล็กทรอนิกส์ส่วนบุคคล (Personal Health Record : PHR) เชื่อมต่อโปรแกรมการจัดการข้อมูลวัคซีนโควิด-19 ในพื้นที่เขตสุขภาพที่ 9,0,มานิตา พรรณวดี,not in repository record,สถาบันวิจัยระบบสาธารณสุข,0,,HSRI,hdl 11228/5830; contract 64-074; id hs2947,2566,Technical Report,158,73bc55b9413a69997bb9ad80d8c1943ef5f39dddaf60eeb1c6eb477f750c2bb3,https://kb.hsri.or.th/dspace/handle/11228/5830,0,0,0,0,1,86088,0,0,1,3465,0,0,1,2300,0,0,0,0,0,0,0,0,1,3843,0,0,0,0,0,0,0,0,0,0,1,4227,0,0,0,0,1,2519,0,0,0,0,0,0,0,0,0,0,0,0,1,2543,0,0,0,0,1,23066,0,0,0,0,0,1,0,0,0,0,0,0,0,0,0,0,0,0,1,0,0,0,none,4,0,BUDGET.PLAN.TOTAL;CORE.ALIGNMENT.POLICY_PATHWAY;CORE.GENERAL.KEYWORDS_EN;CORE.GENERAL.KEYWORDS_TH;CORE.GENERAL.TOTAL_BUDGET;CORE.NARRATIVE.RATIONALE;CORE.NARRATIVE.SUMMARY;CORE.RESEARCH.BOUNDARY_CONDITIONS;CORE.RESEARCH.NATIONAL_NEED;CORE.RESEARCH.PROBLEM;RESULTS.CHAIN.UTILIZATION_DESC;RESULTS.CHAIN.UTILIZATION_DOMAIN;WORK.PLAN.ACTIVITIES
HSRI-046,HSRI Knowledge Bank,รูปแบบการเสริมสร้างพลังชุมชนเพื่อป้องกันการระบาดใหม่ของโรคโควิค-19 ในพื้นที่ชายแดนภาคตะวันตกของประเทศไทย,1,ภารณี นิลกรณ์,not in repository record,สถาบันวิจัยระบบสาธารณสุข,1,HSRI,HSRI,hdl 11228/5993; contract 66-007; id hs3053,2566,Technical Report,209,c17a8c44c1c2c7ca72fce1dd10b8f1c0858f96931c69decb1b1f6d2769174c37,https://kb.hsri.or.th/dspace/handle/11228/5993,1,1391,1,1556,1,10689,1,1054,1,104,0,0,1,33499,0,0,0,0,1,1015,0,0,1,7569,1,37,1,1316,0,0,0,0,0,0,0,0,0,0,1,60175,1,14937,1,338,1,1281,1,556,1,17659,0,0,0,0,0,0,1,4063,1,86288,1,11771,1,11795,1,12178,0,1,0,0,0,0,1,1,0,0,0,1,0,0,1,7,0,67,hanging-indent-estimate,16,12,BUDGET.PLAN.TOTAL;CORE.ALIGNMENT.POLICY_PATHWAY;CORE.GENERAL.KEYWORDS_EN;CORE.GENERAL.KEYWORDS_TH;CORE.GENERAL.TOTAL_BUDGET;CORE.NARRATIVE.FRAMEWORK;CORE.NARRATIVE.METHOD;CORE.NARRATIVE.OBJECTIVES;CORE.NARRATIVE.RATIONALE;CORE.NARRATIVE.REFERENCES;CORE.NARRATIVE.SUMMARY;CORE.NARRATIVE.THEORY;CORE.RESEARCH.BOUNDARY_CONDITIONS;CORE.RESEARCH.CONSTRUCTS;CORE.RESEARCH.GAP;CORE.RESEARCH.NATIONAL_NEED;CORE.RESEARCH.OBJECTIVES;CORE.RESEARCH.PROBLEM;CORE.RESEARCH.RELATIONSHIPS;CORE.RESEARCH.THEORETICAL_FOUNDATIONS;DOC.ATTACHMENTS.DOCUMENTS;FUND.CALL.AGENCY;METHOD.PLAN.ANALYSIS;METHOD.PLAN.DATA_COLLECTION;METHOD.PLAN.DESIGN;METHOD.PLAN.INSTRUMENTS;METHOD.PLAN.POPULATION;METHOD.PLAN.QUALITY;METHOD.PLAN.SAMPLE;METHOD.PLAN.VARIABLES;RESULTS.CHAIN.BENEFICIARIES;RESULTS.CHAIN.UTILIZATION_DESC
HSRI-047,HSRI Knowledge Bank,การประเมินระบบการดูแลผู้สูงอายุที่กระดูกสะโพกหักที่ผ่าตัดเร็วโดยทีมสหสาขาวิชาชีพในโรงพยาบาลนำร่องของประเทศไทยและผลกระทบของการระบาดของโควิด-19 ต่อระบบการดูแลผู้สูงอายุที่กระดูกสะโพกหัก (ปีที่1),1,วราลักษณ์ ศรีนนท์ประเสริฐ,not in repository record,สถาบันวิจัยระบบสาธารณสุข,1,HSRI,HSRI;NHSO,hdl 11228/5827; contract 64-091; id hs2943,2566,Technical Report,108,7bfa811ebfa145598e7f19b31e6f0326649fad7ea914d7506d48494bed2daa71,https://kb.hsri.or.th/dspace/handle/11228/5827,1,1669,1,5181,0,0,0,0,0,0,1,3833,1,8333,0,0,0,0,1,478,0,0,0,0,1,2094,1,1923,0,0,0,0,0,0,0,0,1,45261,1,7981,1,3099,0,0,0,0,0,0,1,1642,0,0,0,0,1,6855,1,6208,1,34100,1,14164,1,8436,1,10476,0,1,0,0,0,0,0,1,0,0,0,0,1,0,0,4,0,46,numbered,52,14,CORE.ALIGNMENT.POLICY_PATHWAY;CORE.NARRATIVE.FRAMEWORK;CORE.NARRATIVE.METHOD;CORE.NARRATIVE.OBJECTIVES;CORE.NARRATIVE.RATIONALE;CORE.NARRATIVE.REFERENCES;CORE.NARRATIVE.SUMMARY;CORE.NARRATIVE.THEORY;CORE.RESEARCH.CONSTRUCTS;CORE.RESEARCH.GAP;CORE.RESEARCH.NATIONAL_NEED;CORE.RESEARCH.OBJECTIVES;CORE.RESEARCH.PROBLEM;CORE.RESEARCH.RELATIONSHIPS;CORE.RESEARCH.THEORETICAL_FOUNDATIONS;DOC.ATTACHMENTS.DOCUMENTS;METHOD.PLAN.ANALYSIS;METHOD.PLAN.DESIGN;METHOD.PLAN.QUALITY;METHOD.PLAN.VARIABLES;RESULTS.CHAIN.IMPACTS;RESULTS.CHAIN.OUTCOMES;RESULTS.CHAIN.OUTPUTS;RESULTS.CHAIN.UTILIZATION_DESC;WORK.PLAN.ACTIVITIES
HSRI-048,HSRI Knowledge Bank,การพัฒนานวัตกรรมการรักษาด้วยระบบนำส่งพอลิเมอร์เพื่อนำส่งสารสำคัญจากสมุนไพรไทยซึ่งมีเป้าหมายต่อการฟื้นฟูเซลล์ต้นกำเนิดควบคู่กับการประยุกต์ใช้ความรู้ทางด้านเภสัชจลนศาสตร์ และเภสัชพลศาสตร์,1,กอบธัม สถิรกุล,not in repository record,สถาบันวิจัยระบบสาธารณสุข,1,HSRI,HSRI,hdl 11228/5875; contract 64-043; id hs2976,2566,Technical Report,129,a3e20a55ee14b8d230680db72b4093539fdcb20ac88824c80afd42f88333f43c,https://kb.hsri.or.th/dspace/handle/11228/5875,1,4683,1,3861,0,0,1,739,1,67,1,3626,0,0,0,0,0,0,0,0,0,0,0,0,0,0,0,0,0,0,0,0,0,0,0,0,0,0,0,0,1,7083,1,0,1,114,0,0,0,0,0,0,0,0,0,0,1,24458,1,62383,1,10734,1,11255,0,0,0,1,0,0,0,0,0,1,0,1,0,0,0,0,0,0,0,72,numbered,13,82,CORE.ALIGNMENT.POLICY_PATHWAY;CORE.GENERAL.KEYWORDS_EN;CORE.GENERAL.KEYWORDS_TH;CORE.NARRATIVE.METHOD;CORE.NARRATIVE.RATIONALE;CORE.NARRATIVE.REFERENCES;CORE.NARRATIVE.SUMMARY;CORE.RESEARCH.NATIONAL_NEED;CORE.RESEARCH.PROBLEM;FUND.CALL.AGENCY;METHOD.PLAN.DESIGN;METHOD.PLAN.INSTRUMENTS;METHOD.PLAN.POPULATION;METHOD.PLAN.SAMPLE;RESULTS.CHAIN.UTILIZATION_DESC
HSRI-049,HSRI Knowledge Bank,"การวิเคราะห์ระบบเฝ้าระวังและป้องกันการฆ่าตัวตายที่ใช้ชุมชนเป็นฐานเพื่อการขยายผลด้วยกรอบแนวคิด CFIR, RE-AIM และ NPT",1,มธุรส ทิพยมงคลกุล,not in repository record,สถาบันวิจัยระบบสาธารณสุข,1,HSRI,HSRI,hdl 11228/6017; contract 66-010; id hs3078,2567,Technical Report,101,654a4a6e912e4a2e8506cd6cfa34fecbef00392c4ad580d3ee5df4f09efb8f85,https://kb.hsri.or.th/dspace/handle/11228/6017,1,2501,1,2209,0,0,1,882,0,0,0,0,1,9359,0,0,0,0,1,1985,0,0,0,0,1,3996,1,2077,0,0,0,0,0,0,0,0,1,37604,1,16183,1,7318,1,5519,1,0,1,1438,1,1356,0,0,0,0,0,0,1,2404,1,24488,1,7277,1,8591,1,9694,0,1,0,0,0,0,0,1,1,0,1,0,1,0,0,7,0,46,hanging-indent-estimate,3,9,COMP.STANDARD.HUMAN;CORE.ALIGNMENT.POLICY_PATHWAY;CORE.NARRATIVE.FRAMEWORK;CORE.NARRATIVE.METHOD;CORE.NARRATIVE.OBJECTIVES;CORE.NARRATIVE.RATIONALE;CORE.NARRATIVE.REFERENCES;CORE.NARRATIVE.SUMMARY;CORE.NARRATIVE.THEORY;CORE.RESEARCH.CONSTRUCTS;CORE.RESEARCH.GAP;CORE.RESEARCH.NATIONAL_NEED;CORE.RESEARCH.OBJECTIVES;CORE.RESEARCH.PROBLEM;CORE.RESEARCH.RELATIONSHIPS;CORE.RESEARCH.THEORETICAL_FOUNDATIONS;DOC.ATTACHMENTS.DOCUMENTS;FUND.CALL.AGENCY;METHOD.PLAN.ANALYSIS;METHOD.PLAN.DATA_COLLECTION;METHOD.PLAN.DESIGN;METHOD.PLAN.ETHICS;METHOD.PLAN.INSTRUMENTS;METHOD.PLAN.POPULATION;METHOD.PLAN.QUALITY;METHOD.PLAN.SAMPLE;METHOD.PLAN.VARIABLES;RESULTS.CHAIN.IMPACTS;RESULTS.CHAIN.OUTCOMES;RESULTS.CHAIN.OUTPUTS;RESULTS.CHAIN.UTILIZATION_DESC
HSRI-050,HSRI Knowledge Bank,ปัจจัยที่มีผลต่อพฤติกรรมการป้องกันโรคในช่วงการระบาดเเละหลังการระบาดของโรคโควิด-19 ในบุคลากรกรมควบคุมโรค กระทรวงสาธารณสุข,1,วาสินี ชลิศราพงศ์,not in repository record,สถาบันวิจัยระบบสาธารณสุข,1,HSRI,HSRI,hdl 11228/6013; contract 66-021; id hs3075,2567,Technical Report,116,8571211bc0a6bdf9f116dd6503f68bc816e25d8b45d6cb28ad748e64f8fa66e3,https://kb.hsri.or.th/dspace/handle/11228/6013,1,1577,1,1673,1,4327,0,0,0,0,0,0,1,1112,0,0,0,0,1,198,0,0,1,177,1,836,0,0,0,0,0,0,1,1048,1,1821,0,0,1,13725,1,3070,1,826,0,0,1,1197,1,455,0,0,0,0,1,191,1,1789,1,19353,1,53104,1,3573,1,22527,0,1,0,0,0,0,0,0,1,1,1,1,0,0,0,3,0,21,numbered,16,0,COMP.STANDARD.HUMAN;CORE.ALIGNMENT.POLICY_PATHWAY;CORE.NARRATIVE.FRAMEWORK;CORE.NARRATIVE.METHOD;CORE.NARRATIVE.OBJECTIVES;CORE.NARRATIVE.RATIONALE;CORE.NARRATIVE.REFERENCES;CORE.NARRATIVE.SUMMARY;CORE.NARRATIVE.THEORY;CORE.RESEARCH.BOUNDARY_CONDITIONS;CORE.RESEARCH.CONSTRUCTS;CORE.RESEARCH.GAP;CORE.RESEARCH.NATIONAL_NEED;CORE.RESEARCH.OBJECTIVES;CORE.RESEARCH.PROBLEM;CORE.RESEARCH.RELATIONSHIPS;CORE.RESEARCH.THEORETICAL_FOUNDATIONS;DOC.ATTACHMENTS.DOCUMENTS;METHOD.PLAN.ANALYSIS;METHOD.PLAN.DATA_COLLECTION;METHOD.PLAN.DESIGN;METHOD.PLAN.ETHICS;METHOD.PLAN.POPULATION;METHOD.PLAN.QUALITY;METHOD.PLAN.SAMPLE;RESULTS.CHAIN.BENEFIT_SUMMARY;RESULTS.CHAIN.UTILIZATION_DESC;RESULTS.CHAIN.UTILIZATION_DOMAIN;WORK.PLAN.ACTIVITIES
HSRI-051,HSRI Knowledge Bank,การประเมินผลการให้บริการรักษาอาการเจ็บป่วยเล็กน้อยของร้านยาในระบบหลักประกันสุขภาพแห่งชาติ,1,สุณี เลิศสินอุดม,not in repository record,สถาบันวิจัยระบบสาธารณสุข,1,HSRI;NHSO,HSRI;NHSO,hdl 11228/6056; contract 66-059; id hs3088,2567,Technical Report,203,e64fb4e0a1c853bdafb97e8cf765279294d116f9c74ed4d03fccf8220f3aa557,https://kb.hsri.or.th/dspace/handle/11228/6056,1,3444,1,3537,1,3573,1,522,1,141,0,0,1,19408,0,0,0,0,0,0,0,0,0,0,0,0,0,0,0,0,0,0,0,0,1,0,1,16045,1,0,1,0,0,0,0,0,0,0,0,0,0,0,0,0,0,0,1,0,1,309178,1,3963,1,4491,1,1599,0,1,0,0,0,1,0,1,0,1,1,0,0,1,0,0,0,13,numbered,28,6,CORE.ALIGNMENT.POLICY_PATHWAY;CORE.GENERAL.KEYWORDS_EN;CORE.GENERAL.KEYWORDS_TH;CORE.NARRATIVE.METHOD;CORE.NARRATIVE.RATIONALE;CORE.NARRATIVE.REFERENCES;CORE.NARRATIVE.SUMMARY;CORE.NARRATIVE.THEORY;CORE.RESEARCH.GAP;CORE.RESEARCH.NATIONAL_NEED;CORE.RESEARCH.PROBLEM;CORE.RESEARCH.THEORETICAL_FOUNDATIONS;DOC.ATTACHMENTS.DOCUMENTS;FUND.CALL.AGENCY;METHOD.PLAN.DESIGN;METHOD.PLAN.ETHICS;METHOD.PLAN.QUALITY;METHOD.PLAN.SAMPLE;RESULTS.CHAIN.IMPACTS;RESULTS.CHAIN.OUTCOMES;RESULTS.CHAIN.OUTPUTS;RESULTS.CHAIN.USERS;RESULTS.CHAIN.UTILIZATION_DESC;RESULTS.CHAIN.UTILIZATION_DOMAIN
HSRI-052,HSRI Knowledge Bank,การพัฒนาต้นแบบระบบความปลอดภัยทางทะเล ณ ตำบลเกาะเต่า จังหวัดสุราษฎร์ธานี,1,ประสิทธิ์ วุฒิสุทธิเมธาวี,not in repository record,สถาบันวิจัยระบบสาธารณสุข,1,HSRI,HSRI;NRC,hdl 11228/6098; contract 66-093; id hs3129,2567,Technical Report,90,bdc8501d6cfc50e2a711e4ac3a5c7a89142983d9867a96017dc6f970f503162c,https://kb.hsri.or.th/dspace/handle/11228/6098,1,1511,1,1323,1,3012,1,2429,1,146,0,0,1,7501,0,0,0,0,1,778,0,0,0,0,1,894,0,0,1,614,0,0,1,551,0,0,0,0,0,0,1,3960,1,463,0,0,1,2033,1,608,0,0,0,0,1,47,1,7479,1,18777,1,35605,1,2779,1,23063,1,1,0,0,0,1,0,1,0,0,0,1,1,1,0,5,0,34,numbered,4,19,CORE.ALIGNMENT.FUND_SELECTION;CORE.ALIGNMENT.POLICY_PATHWAY;CORE.GENERAL.KEYWORDS_EN;CORE.GENERAL.KEYWORDS_TH;CORE.NARRATIVE.FRAMEWORK;CORE.NARRATIVE.METHOD;CORE.NARRATIVE.OBJECTIVES;CORE.NARRATIVE.RATIONALE;CORE.NARRATIVE.REFERENCES;CORE.NARRATIVE.SUMMARY;CORE.RESEARCH.CONSTRUCTS;CORE.RESEARCH.NATIONAL_NEED;CORE.RESEARCH.OBJECTIVES;CORE.RESEARCH.PROBLEM;CORE.RESEARCH.RELATIONSHIPS;DOC.ATTACHMENTS.DOCUMENTS;FUND.CALL.AGENCY;FUND.CALL.KEY_RESULTS;GEO.AREA.RESEARCH_USERS;METHOD.PLAN.ANALYSIS;METHOD.PLAN.DATA_COLLECTION;METHOD.PLAN.DESIGN;METHOD.PLAN.POPULATION;METHOD.PLAN.QUALITY;METHOD.PLAN.SAMPLE;RESULTS.CHAIN.BENEFIT_SUMMARY;RESULTS.CHAIN.USERS;RESULTS.CHAIN.UTILIZATION_DESC;WORK.PLAN.ACTIVITIES
HSRI-053,HSRI Knowledge Bank,การพัฒนาศักยภาพของกรรมการจริยธรรมที่เป็นผู้แทนภาคประชาชน (layperson) ระยะที่ 2,1,จันทรา เหล่าถาวร,not in repository record,สถาบันวิจัยระบบสาธารณสุข,1,HSRI,HSRI,hdl 11228/6237; contract 67-045; id hs3243,2568,Technical Report,178,6e0264d174fdda81783daa6e045cab9a1df054ca882bc3c789f9bd4c6acfe4cd,https://kb.hsri.or.th/dspace/handle/11228/6237,1,4491,1,4284,0,0,1,1272,1,116,0,0,1,7429,1,114,0,0,1,24112,0,0,0,0,0,0,0,0,0,0,0,0,1,608,0,0,1,1887,1,18957,1,17884,1,2020,0,0,1,1462,1,1858,1,1191,1,5640,1,1283,1,94527,1,1615,1,47842,1,4650,1,1389,0,0,0,0,0,0,0,0,1,1,1,0,0,0,1,22,2,25,hanging-indent-estimate,2,4,BUDGET.PLAN.ITEMS;BUDGET.PLAN.TOTAL;COMP.STANDARD.HUMAN;COMP.STANDARD.RESEARCH_ETHICS;CORE.GENERAL.KEYWORDS_EN;CORE.GENERAL.KEYWORDS_TH;CORE.GENERAL.TOTAL_BUDGET;CORE.NARRATIVE.METHOD;CORE.NARRATIVE.OBJECTIVES;CORE.NARRATIVE.RATIONALE;CORE.NARRATIVE.REFERENCES;CORE.NARRATIVE.SUMMARY;CORE.NARRATIVE.THEORY;CORE.RESEARCH.GAP;CORE.RESEARCH.NATIONAL_NEED;CORE.RESEARCH.OBJECTIVES;CORE.RESEARCH.PROBLEM;CORE.RESEARCH.RQ.PRIMARY;CORE.RESEARCH.RQ.SECONDARY;CORE.RESEARCH.THEORETICAL_FOUNDATIONS;DOC.ATTACHMENTS.DOCUMENTS;FUND.CALL.AGENCY;METHOD.PLAN.ANALYSIS;METHOD.PLAN.DATA_COLLECTION;METHOD.PLAN.DESIGN;METHOD.PLAN.ETHICS;METHOD.PLAN.POPULATION;METHOD.PLAN.SAMPLE;RESULTS.CHAIN.BENEFIT_SUMMARY;RESULTS.CHAIN.IMPACTS;RESULTS.CHAIN.OUTCOMES;RESULTS.CHAIN.OUTPUTS;RESULTS.CHAIN.UTILIZATION_DESC;WORK.PLAN.ACTIVITIES
HSRI-054,HSRI Knowledge Bank,การถอดบทเรียนเพื่อนําไปสู่ข้อเสนอแนะเพื่อพัฒนานโยบายการบําบัดทดแทนไตภายใต้ระบบหลักประกันสุขภาพแห่งชาติ,1,ยศ ตีระวัฒนานนท์,not in repository record,สถาบันวิจัยระบบสาธารณสุข,1,HSRI,HSRI;NHSO,hdl 11228/6242; contract 67-067; id hs3245,2568,Technical Report,138,9a34124393305cca4310453ae0de330ab88d48b91d613b5dd28bdbd85a440033,https://kb.hsri.or.th/dspace/handle/11228/6242,0,0,1,1372,0,0,0,0,1,195,1,10117,1,0,0,0,0,0,1,5989,0,0,0,0,1,3604,0,0,0,0,0,0,0,0,0,0,1,15153,1,10318,1,6185,1,6760,0,0,1,0,1,0,0,0,0,0,0,0,1,10910,1,83197,1,48067,1,0,1,2164,0,1,0,0,0,0,0,1,0,0,0,1,0,1,1,1,0,0,none,18,16,BUDGET.PLAN.TOTAL;CORE.ALIGNMENT.POLICY_PATHWAY;CORE.GENERAL.KEYWORDS_EN;CORE.GENERAL.KEYWORDS_TH;CORE.GENERAL.TOTAL_BUDGET;CORE.NARRATIVE.FRAMEWORK;CORE.NARRATIVE.METHOD;CORE.NARRATIVE.OBJECTIVES;CORE.NARRATIVE.RATIONALE;CORE.NARRATIVE.REFERENCES;CORE.NARRATIVE.SUMMARY;CORE.NARRATIVE.THEORY;CORE.RESEARCH.CONSTRUCTS;CORE.RESEARCH.GAP;CORE.RESEARCH.NATIONAL_NEED;CORE.RESEARCH.OBJECTIVES;CORE.RESEARCH.PROBLEM;CORE.RESEARCH.RELATIONSHIPS;CORE.RESEARCH.THEORETICAL_FOUNDATIONS;DOC.ATTACHMENTS.DOCUMENTS;METHOD.PLAN.ANALYSIS;METHOD.PLAN.DATA_COLLECTION;METHOD.PLAN.DESIGN;METHOD.PLAN.POPULATION;METHOD.PLAN.QUALITY;METHOD.PLAN.SAMPLE;RESULTS.CHAIN.IMPACTS;RESULTS.CHAIN.OUTCOMES;RESULTS.CHAIN.OUTPUTS;RESULTS.CHAIN.UTILIZATION_DESC
HSRI-055,HSRI Knowledge Bank,การศึกษาการออกฤทธิ์ของสารสกัดจากพืชสมุนไพร เพื่อใช้ในการรักษาผู้สูงวัยที่มีภาวะกระดูกพรุนและภาวะมวลกล้ามเนื้อน้อย,1,ยุทธนา เพ็งแจ่ม,not in repository record,สถาบันวิจัยระบบสาธารณสุข,1,HSRI;UNIV_INCOME,HSRI;TRF_SRI,hdl 11228/6238; contract 66-016; id hs3238,2568,Technical Report,92,65894f6ef27d5f8e9cdee7b8f0bff6bc823ae34d02eb6e47de02d231aa3cc716,https://kb.hsri.or.th/dspace/handle/11228/6238,1,1694,1,1463,1,14158,1,1860,0,0,0,0,0,0,0,0,0,0,1,665,0,0,0,0,0,0,0,0,1,1670,0,0,0,0,0,0,0,0,1,24754,1,0,1,553,0,0,1,64,1,3866,0,0,0,0,0,0,1,13372,1,33604,1,10157,1,14749,1,1132,0,0,0,0,0,1,0,1,0,0,0,0,0,0,0,2,0,90,numbered,32,49,CORE.NARRATIVE.METHOD;CORE.NARRATIVE.OBJECTIVES;CORE.NARRATIVE.RATIONALE;CORE.NARRATIVE.REFERENCES;CORE.NARRATIVE.SUMMARY;CORE.NARRATIVE.THEORY;CORE.RESEARCH.GAP;CORE.RESEARCH.NATIONAL_NEED;CORE.RESEARCH.OBJECTIVES;CORE.RESEARCH.PROBLEM;CORE.RESEARCH.THEORETICAL_FOUNDATIONS;DOC.ATTACHMENTS.DOCUMENTS;FUND.CALL.AGENCY;GEO.AREA.RESEARCH_USERS;METHOD.PLAN.ANALYSIS;METHOD.PLAN.DATA_COLLECTION;METHOD.PLAN.DESIGN;METHOD.PLAN.POPULATION;METHOD.PLAN.SAMPLE;RESULTS.CHAIN.USERS;RESULTS.CHAIN.UTILIZATION_DESC
HSRI-056,HSRI Knowledge Bank,ความเปราะบางและปัจจัยเสี่ยงที่เกี่ยวข้อง ประสิทธิผลของโปรแกรมการออกกำลังกายด้วยเครื่องฝึกเดินไอวอร์ค (I-walk) และโปรแกรมการออกกำลังกายที่บ้านต่อความสามารถในการเคลื่อนไหวของผู้สูงอายุไทยในจังหวัดปทุมธานี (ปีที่ 2),1,พัชรี คุณค้ำชู,not in repository record,สถาบันวิจัยระบบสาธารณสุข,1,HSRI,HSRI,hdl 11228/6260; contract 66-114; id hs3252,2568,Technical Report,71,a881793b2725964c864c1b0a3839b30545b8081ffc3b9f5757cd135364dd0674,https://kb.hsri.or.th/dspace/handle/11228/6260,1,3288,1,1696,0,0,0,0,1,145,0,0,0,0,0,0,1,492,0,0,0,0,1,356,1,1069,1,1920,0,0,0,0,1,1348,0,0,0,0,1,8020,1,5808,1,1637,0,0,0,0,1,511,0,0,0,0,0,0,1,4004,1,22595,1,45494,1,13953,0,0,0,0,0,0,0,0,0,0,0,1,0,0,1,0,0,0,0,76,numbered,12,21,CORE.GENERAL.KEYWORDS_EN;CORE.GENERAL.KEYWORDS_TH;CORE.NARRATIVE.FRAMEWORK;CORE.NARRATIVE.METHOD;CORE.NARRATIVE.RATIONALE;CORE.NARRATIVE.REFERENCES;CORE.NARRATIVE.SUMMARY;CORE.NARRATIVE.THEORY;CORE.RESEARCH.BOUNDARY_CONDITIONS;CORE.RESEARCH.CONSTRUCTS;CORE.RESEARCH.GAP;CORE.RESEARCH.HYPOTHESES;CORE.RESEARCH.NATIONAL_NEED;CORE.RESEARCH.PROBLEM;CORE.RESEARCH.RELATIONSHIPS;CORE.RESEARCH.THEORETICAL_FOUNDATIONS;METHOD.PLAN.ANALYSIS;METHOD.PLAN.DESIGN;METHOD.PLAN.POPULATION;METHOD.PLAN.QUALITY;METHOD.PLAN.SAMPLE;METHOD.PLAN.VARIABLES;RESULTS.CHAIN.BENEFIT_SUMMARY
HSRI-057,HSRI Knowledge Bank,ระบบการดูแลผู้พิการในชุมชน,1,พนิดา วสุธาพิทักษ์,not in repository record,"แผนงานพัฒนาระบบสุขภาพชุมชนภายใต้ความร่วมมือระหว่างรัฐบาลไทยกับองค์การอนามัยโลก, สถาบันวิจัยระบบสาธารณสุข",0,,THAIHEALTH;NHSO,hdl 11228/3679; id,2555,Document,51,6b6cf2138b4eafcffdfa548c110de6e6c30e115672d6de1eb9414620b4f06a7c,https://kb.hsri.or.th/dspace/handle/11228/3679,0,0,0,0,0,0,0,0,0,0,0,0,0,0,0,0,0,0,0,0,0,0,0,0,0,0,0,0,0,0,0,0,0,0,0,0,0,0,0,0,0,0,0,0,0,0,0,0,0,0,0,0,0,0,0,0,0,0,0,0,0,0,0,0,0,0,0,1,0,0,0,0,0,0,0,0,0,1,0,0,1,0,0,0,none,0,0,BUDGET.PLAN.TOTAL;CORE.ALIGNMENT.POLICY_PATHWAY;CORE.GENERAL.TOTAL_BUDGET;METHOD.PLAN.QUALITY
HSRI-058,HSRI Knowledge Bank,การจัดการโรคเรื้อรังในชุมชน,1,พนิดา วสุธาพิทักษ์,not in repository record,"แผนงานพัฒนาระบบสุขภาพชุมชนภายใต้ความร่วมมือระหว่างรัฐบาลไทยกับองค์การอนามัยโลก, สถาบันวิจัยระบบสาธารณสุข",1,,THAIHEALTH;NHSO,hdl 11228/3678; id,2555,Document,53,d1c91eeb49fc92db24bd054fea54b7b7af5eb642f007b26897f89bf93af670c9,https://kb.hsri.or.th/dspace/handle/11228/3678,0,0,0,0,0,0,0,0,0,0,0,0,0,0,0,0,0,0,0,0,0,0,0,0,0,0,0,0,0,0,0,0,0,0,0,0,0,0,0,0,0,0,0,0,0,0,0,0,0,0,0,0,0,0,0,0,0,0,0,0,0,0,1,1267,0,0,0,1,0,0,0,0,0,0,0,0,0,1,0,0,1,0,0,7,hanging-indent-estimate,0,2,BUDGET.PLAN.TOTAL;CORE.ALIGNMENT.POLICY_PATHWAY;CORE.GENERAL.TOTAL_BUDGET;CORE.NARRATIVE.REFERENCES;METHOD.PLAN.QUALITY
HSRI-059,HSRI Knowledge Bank,ผลกระทบด้านสุขภาพและเศรษฐศาสตร์จากการติดเชื้อดื้อยาต้านจุลชีพในประเทศไทย,1,ภาณุมาศ ภูมาศ,not in repository record,สถาบันวิจัยระบบสาธารณสุข,1,HSRI;NHSO,HSRI;NHSO,hdl 11228/3861; contract 55-030; id hs2027,2555,Technical Report,49,985fe2f79e517cc9ed3ae955c77848d8d421a81d6e08753bbd97affc0ea5e57b,https://kb.hsri.or.th/dspace/handle/11228/3861,0,0,0,0,1,1925,1,292,1,80,0,0,0,0,0,0,0,0,1,446,0,0,0,0,0,0,1,974,0,0,0,0,1,524,0,0,1,10845,1,7733,1,5823,0,0,0,0,0,0,0,0,0,0,0,0,0,0,1,8655,1,360,1,4393,1,7135,1,22393,0,0,0,0,0,0,0,0,0,0,0,0,0,0,1,3,0,41,numbered,14,9,BUDGET.PLAN.TOTAL;CORE.GENERAL.KEYWORDS_EN;CORE.GENERAL.KEYWORDS_TH;CORE.GENERAL.TOTAL_BUDGET;CORE.NARRATIVE.METHOD;CORE.NARRATIVE.OBJECTIVES;CORE.NARRATIVE.RATIONALE;CORE.NARRATIVE.REFERENCES;CORE.NARRATIVE.SUMMARY;CORE.NARRATIVE.THEORY;CORE.RESEARCH.GAP;CORE.RESEARCH.NATIONAL_NEED;CORE.RESEARCH.OBJECTIVES;CORE.RESEARCH.PROBLEM;CORE.RESEARCH.THEORETICAL_FOUNDATIONS;DOC.ATTACHMENTS.DOCUMENTS;FUND.CALL.AGENCY;METHOD.PLAN.DESIGN;METHOD.PLAN.VARIABLES;RESULTS.CHAIN.BENEFIT_SUMMARY;RESULTS.CHAIN.IMPACTS;RESULTS.CHAIN.OUTCOMES;RESULTS.CHAIN.OUTPUTS
HSRI-061,HSRI Knowledge Bank,การประเมินสมรรถนะระบบหลักประกันสุขภาพในการให้บริการผู้ป่วยโรคสมองขาดเลือด จากหลอดเลือดสมองตีบหรืออุดตัน : กรณีศึกษาโรงพยาบาลธรรมศาสตร์เฉลิมพระเกียรติ,1,สิรินาฏ นิภาพร,not in repository record,สถาบันวิจัยระบบสาธารณสุข,1,,HSRI;NHSO,hdl 11228/4017; contract T56-04; id hs2103,2556,Technical Report,69,2a6f607b441f1609b9f7bfe0a4be4d534fc1cafdde84be326b1d8b1414fda74c,https://kb.hsri.or.th/dspace/handle/11228/4017,0,0,0,0,1,2474,0,0,0,0,0,0,1,15629,0,0,0,0,1,892,0,0,0,0,1,1145,0,0,0,0,0,0,0,0,0,0,1,14352,1,14665,1,3596,0,0,0,0,0,0,1,5998,0,0,0,0,0,0,1,857,1,27392,1,4584,1,3908,0,0,0,0,0,0,0,0,0,1,0,0,1,0,0,0,1,5,0,30,numbered,11,25,BUDGET.PLAN.TOTAL;CORE.GENERAL.TOTAL_BUDGET;CORE.NARRATIVE.FRAMEWORK;CORE.NARRATIVE.METHOD;CORE.NARRATIVE.OBJECTIVES;CORE.NARRATIVE.RATIONALE;CORE.NARRATIVE.REFERENCES;CORE.NARRATIVE.SUMMARY;CORE.NARRATIVE.THEORY;CORE.RESEARCH.CONSTRUCTS;CORE.RESEARCH.GAP;CORE.RESEARCH.NATIONAL_NEED;CORE.RESEARCH.OBJECTIVES;CORE.RESEARCH.PROBLEM;CORE.RESEARCH.RELATIONSHIPS;CORE.RESEARCH.THEORETICAL_FOUNDATIONS;METHOD.PLAN.ANALYSIS;METHOD.PLAN.DESIGN;METHOD.PLAN.ETHICS;RESULTS.CHAIN.IMPACTS;RESULTS.CHAIN.OUTCOMES;RESULTS.CHAIN.OUTPUTS;RESULTS.CHAIN.UTILIZATION_DESC
HSRI-062,HSRI Knowledge Bank,แนวคิดและทัศนะต่อความเป็นธรรมของกลไกสำคัญในการอภิบาลระบบสุขภาพ,1,กฤษฎา บุญชัย,not in repository record,สถาบันวิจัยระบบสาธารณสุข,0,,HSRI;THAIHEALTH;NHSO,hdl 11228/3896; contract 55-049; id hs2074,2556,Technical Report,84,d1c796fb58be88df837662d0825285bd26f1e6581c3814695fe1e7467ada5eb1,https://kb.hsri.or.th/dspace/handle/11228/3896,0,0,0,0,1,4902,0,0,0,0,0,0,0,0,1,605,0,0,1,341,0,0,1,438,0,0,1,1226,0,0,0,0,0,0,0,0,0,0,0,0,1,3082,0,0,0,0,0,0,0,0,0,0,0,0,0,0,1,1796,1,10404,1,36306,1,8067,0,0,0,1,0,0,0,0,0,0,0,0,0,0,0,0,0,3,5,45,hanging-indent-estimate,0,0,CORE.ALIGNMENT.POLICY_PATHWAY;CORE.NARRATIVE.METHOD;CORE.NARRATIVE.OBJECTIVES;CORE.NARRATIVE.RATIONALE;CORE.NARRATIVE.REFERENCES;CORE.NARRATIVE.SUMMARY;CORE.RESEARCH.BOUNDARY_CONDITIONS;CORE.RESEARCH.NATIONAL_NEED;CORE.RESEARCH.OBJECTIVES;CORE.RESEARCH.PROBLEM;CORE.RESEARCH.RQ.PRIMARY;CORE.RESEARCH.RQ.SECONDARY;METHOD.PLAN.DESIGN;METHOD.PLAN.VARIABLES
HSRI-063,HSRI Knowledge Bank,การป้องกันการติดเชื้อดื้อยาในหออภิบาลผู้ป่วย,1,อะเคื้อ อุณหเลขกะ,not in repository record,สถาบันวิจัยระบบสาธารณสุข,1,HSRI,HSRI,hdl 11228/4265; contract 57-036; id hs2153,2557,Technical Report,92,38eb35072ead8742e19d488d9e8e2bc372ad2f5d501a1d338167e15485e36e2d,https://kb.hsri.or.th/dspace/handle/11228/4265,0,0,0,0,1,7839,1,542,1,112,0,0,0,0,0,0,0,0,1,1402,0,0,0,0,0,0,0,0,0,0,0,0,0,0,0,0,0,0,1,23009,1,4068,0,0,1,429,0,0,1,551,0,0,0,0,1,9468,0,0,1,107042,1,1983,1,7403,1,14653,0,0,0,0,0,0,0,0,0,0,0,0,0,0,1,6,0,51,hanging-indent-estimate,10,0,BUDGET.PLAN.TOTAL;CORE.GENERAL.KEYWORDS_EN;CORE.GENERAL.KEYWORDS_TH;CORE.GENERAL.TOTAL_BUDGET;CORE.NARRATIVE.OBJECTIVES;CORE.NARRATIVE.RATIONALE;CORE.NARRATIVE.REFERENCES;CORE.NARRATIVE.SUMMARY;CORE.NARRATIVE.THEORY;CORE.RESEARCH.GAP;CORE.RESEARCH.NATIONAL_NEED;CORE.RESEARCH.OBJECTIVES;CORE.RESEARCH.PROBLEM;CORE.RESEARCH.THEORETICAL_FOUNDATIONS;DOC.ATTACHMENTS.DOCUMENTS;FUND.CALL.AGENCY;METHOD.PLAN.ANALYSIS;METHOD.PLAN.INSTRUMENTS;WORK.PLAN.ACTIVITIES
HSRI-064,HSRI Knowledge Bank,การจัดลำดับความสำคัญและจัดทำแผนงานวิจัยด้านระบบบริการสุขภาพระดับชาติ,1,ปิยะ หาญวรวงศ์ชัย,not in repository record,"สถาบันระบบวิจัยสาธารณสุข (สวรส.), สถาบันรับรองคุณภาพสถานพยาบาล (องค์การมหาชน), และคณะแพทยศาสตร์ จุฬาลงกรณ์มหาวิทยาลัย",1,HSRI,HSRI,hdl 11228/4414; contract 57-109; id hs2239,2557,Technical Report,45,70734025aaab29235deb0ed0470d527e648abf6f091b5a591ae5b908af856e1b,https://kb.hsri.or.th/dspace/handle/11228/4414,0,0,0,0,1,7747,1,2557,0,0,0,0,0,0,0,0,0,0,1,773,0,0,0,0,0,0,0,0,0,0,0,0,0,0,0,0,0,0,0,0,1,1450,0,0,0,0,0,0,0,0,0,0,0,0,0,0,1,5121,1,29461,1,11301,0,0,0,0,0,1,0,0,0,1,0,1,0,0,0,1,0,0,0,0,0,0,none,0,0,CORE.ALIGNMENT.POLICY_PATHWAY;CORE.NARRATIVE.METHOD;CORE.NARRATIVE.OBJECTIVES;CORE.NARRATIVE.RATIONALE;CORE.NARRATIVE.SUMMARY;CORE.RESEARCH.NATIONAL_NEED;CORE.RESEARCH.OBJECTIVES;CORE.RESEARCH.PROBLEM;FUND.CALL.AGENCY;METHOD.PLAN.DESIGN;METHOD.PLAN.QUALITY;RESULTS.CHAIN.USERS;RESULTS.CHAIN.UTILIZATION_DESC
HSRI-065,HSRI Knowledge Bank,ไท้เก๊กเพื่อการบำบัดฟื้นฟูผู้ป่วยโรคหลอดเลือดสมองเรื้อรัง,1,มงคล ศริวัฒน์,not in repository record,สถาบันวิจัยระบบสาธารณสุข,1,HSRI,HSRI;THAIHEALTH,hdl 11228/4439; contract 58-006; id hs2256,2558,Technical Report,103,40b01812635aacc11f8ff166d35412c23c92cf9f81a27877eb504b5efb5a502f,https://kb.hsri.or.th/dspace/handle/11228/4439,0,0,0,0,0,0,1,3372,0,0,0,0,0,0,0,0,0,0,1,564,0,0,0,0,0,0,0,0,0,0,0,0,0,0,0,0,0,0,1,19369,1,10721,1,1962,1,3764,1,11273,1,570,0,0,0,0,1,6169,1,642,1,76961,1,7977,1,3310,0,0,0,1,0,0,0,0,0,0,0,1,1,0,0,0,0,5,0,20,numbered,6,2,CORE.ALIGNMENT.POLICY_PATHWAY;CORE.NARRATIVE.METHOD;CORE.NARRATIVE.OBJECTIVES;CORE.NARRATIVE.RATIONALE;CORE.NARRATIVE.REFERENCES;CORE.NARRATIVE.THEORY;CORE.RESEARCH.GAP;CORE.RESEARCH.NATIONAL_NEED;CORE.RESEARCH.OBJECTIVES;CORE.RESEARCH.PROBLEM;CORE.RESEARCH.THEORETICAL_FOUNDATIONS;FUND.CALL.AGENCY;METHOD.PLAN.ANALYSIS;METHOD.PLAN.DATA_COLLECTION;METHOD.PLAN.DESIGN;METHOD.PLAN.ETHICS;METHOD.PLAN.INSTRUMENTS;METHOD.PLAN.POPULATION;METHOD.PLAN.SAMPLE;WORK.PLAN.ACTIVITIES
HSRI-066,HSRI Knowledge Bank,ความพยายามและความสำเร็จของคณะกรรมการกำหนดระบบบริหารยา เวชภัณฑ์ การเบิกจ่ายค่าตรวจวินิจฉัยและค่าบริการทางการแพทย์,0,เดือนเด่น นิคมบริรักษ์,not in repository record,สถาบันวิจัยระบบสาธารณสุข,0,,HSRI;NHSO,hdl 11228/4328; contract 58-042; id hs2206,2558,Technical Report,98,e1269a5f9a5b3d6d1efa0b9b0c5b04d7801841dd158998b246d2c885cb03bc6d,https://kb.hsri.or.th/dspace/handle/11228/4328,0,0,0,0,0,0,0,0,0,0,0,0,1,12218,0,0,0,0,1,1757,0,0,1,3246,0,0,0,0,0,0,0,0,0,0,0,0,0,0,0,0,1,11784,0,0,0,0,0,0,0,0,0,0,0,0,0,0,0,0,0,0,1,18713,1,0,0,0,0,1,0,0,0,0,0,1,0,0,0,1,0,0,1,5,0,0,none,4,3,BUDGET.PLAN.TOTAL;CORE.ALIGNMENT.POLICY_PATHWAY;CORE.GENERAL.TOTAL_BUDGET;CORE.NARRATIVE.OBJECTIVES;CORE.NARRATIVE.RATIONALE;CORE.NARRATIVE.REFERENCES;CORE.RESEARCH.BOUNDARY_CONDITIONS;CORE.RESEARCH.NATIONAL_NEED;CORE.RESEARCH.OBJECTIVES;CORE.RESEARCH.PROBLEM;METHOD.PLAN.QUALITY;RESULTS.CHAIN.UTILIZATION_DESC
HSRI-067,HSRI Knowledge Bank,การตอบสนองและกลไกการดื้อยาต่อกลุ่มอนุพันธ์ artemisinin และยาต้านมาลาเรียที่ใช้ร่วมในเชื้อ Plasmodium falciparum,1,มฑิรุทธ มุ่งถิ่น,not in repository record,สถาบันวิจัยระบบสาธารณสุข,0,,,hdl 11228/4668; contract 57-051; id hs2313,2559,Technical Report,59,9d0d199ca8c662ad65bda7e981cef2af15f06c25ab012c3436b7327d4c715ff3,https://kb.hsri.or.th/dspace/handle/11228/4668,1,4145,0,0,0,0,1,547,1,181,0,0,0,0,0,0,0,0,0,0,0,0,0,0,0,0,0,0,0,0,0,0,0,0,0,0,0,0,0,0,1,10284,0,0,1,5359,1,80,0,0,0,0,0,0,0,0,0,0,1,15172,1,4464,1,13259,0,0,0,0,0,0,0,0,0,0,0,0,0,0,0,0,0,0,0,55,hanging-indent-estimate,19,0,CORE.GENERAL.KEYWORDS_EN;CORE.GENERAL.KEYWORDS_TH;CORE.NARRATIVE.RATIONALE;CORE.NARRATIVE.REFERENCES;CORE.NARRATIVE.SUMMARY;CORE.RESEARCH.NATIONAL_NEED;CORE.RESEARCH.PROBLEM;FUND.CALL.AGENCY;METHOD.PLAN.DATA_COLLECTION;METHOD.PLAN.INSTRUMENTS
HSRI-068,HSRI Knowledge Bank,การพัฒนาชุดวินิจฉัยโรคพิธิโอซีสในคนและในสัตว์ด้วยวิธีอิมมูโนโครมาโตกราฟฟี,1,อลิสา (เดือนเพ็ญ) แสนดี,not in repository record,"สถาบันวิจัยระบบสาธารณสุข (สวรส.), สำนักงานพัฒนาวิทยาศาสตร์และเทคโนโลยีแห่งชาติ (สวทช.), สำนักงานคณะกรรมการวิจัยแห่งชาติ (วช), สถาบันวิจัยจุฬาภรณ์, คณะแพทยศาสตร์ โรงพยาบาลรามาธิบดี",1,HSRI,HSRI,hdl 11228/4664; contract 57-051; id hs2317,2559,Technical Report,26,8c65092d6f79e3d45176e7c8f8d4293d841828118a89480322a66a70ea0e4fba,https://kb.hsri.or.th/dspace/handle/11228/4664,0,0,1,1517,0,0,1,1656,1,143,0,0,0,0,0,0,0,0,0,0,0,0,0,0,0,0,0,0,0,0,0,0,0,0,0,0,0,0,1,9619,1,5776,0,0,0,0,0,0,0,0,0,0,0,0,0,0,0,0,1,3018,1,1211,0,0,0,0,0,0,0,0,0,0,0,0,0,0,0,0,0,0,0,0,0,0,none,1,4,CORE.GENERAL.KEYWORDS_EN;CORE.GENERAL.KEYWORDS_TH;CORE.NARRATIVE.RATIONALE;CORE.NARRATIVE.SUMMARY;CORE.NARRATIVE.THEORY;CORE.RESEARCH.GAP;CORE.RESEARCH.NATIONAL_NEED;CORE.RESEARCH.PROBLEM;CORE.RESEARCH.THEORETICAL_FOUNDATIONS;FUND.CALL.AGENCY
HSRI-069,HSRI Knowledge Bank,การศึกษาปัจจัยที่ส่งผลต่อความสำเร็จและแนวทางการขับเคลื่อนการดำเนินงานของคณะกรรมการสาธารณสุขจังหวัด (คสธจ.),1,อุไรวรรณ อินทร์ม่วง,not in repository record,สถาบันวิจัยระบบสาธารณสุข,1,HSRI,HSRI,hdl 11228/4828; contract 60-047; id hs2383,2560,Technical Report,104,7e0bea412dd9bf66d8091e287d2b0f94eeb9a88a4a4cd682de2926da4071b70c,https://kb.hsri.or.th/dspace/handle/11228/4828,1,3658,1,3546,1,129,1,864,0,0,1,6231,1,4221,0,0,0,0,1,333,0,0,1,1469,1,54785,0,0,1,2413,0,0,1,161,1,42,0,0,1,371,1,17838,1,4327,1,1044,0,0,1,213,0,0,1,40,1,3229,1,293,1,44276,1,37835,0,0,1,8492,0,1,0,0,0,1,0,1,1,0,0,1,1,0,1,4,0,0,none,4,5,BUDGET.PLAN.ITEMS;BUDGET.PLAN.TOTAL;COMP.STANDARD.HUMAN;CORE.ALIGNMENT.POLICY_PATHWAY;CORE.GENERAL.TOTAL_BUDGET;CORE.NARRATIVE.FRAMEWORK;CORE.NARRATIVE.METHOD;CORE.NARRATIVE.OBJECTIVES;CORE.NARRATIVE.RATIONALE;CORE.NARRATIVE.SUMMARY;CORE.NARRATIVE.THEORY;CORE.RESEARCH.BOUNDARY_CONDITIONS;CORE.RESEARCH.CONSTRUCTS;CORE.RESEARCH.GAP;CORE.RESEARCH.NATIONAL_NEED;CORE.RESEARCH.OBJECTIVES;CORE.RESEARCH.PROBLEM;CORE.RESEARCH.RELATIONSHIPS;CORE.RESEARCH.THEORETICAL_FOUNDATIONS;DOC.ATTACHMENTS.DOCUMENTS;FUND.CALL.AGENCY;GEO.AREA.RESEARCH_USERS;METHOD.PLAN.ANALYSIS;METHOD.PLAN.DESIGN;METHOD.PLAN.ETHICS;METHOD.PLAN.INSTRUMENTS;METHOD.PLAN.POPULATION;METHOD.PLAN.QUALITY;METHOD.PLAN.SAMPLE;RESULTS.CHAIN.BENEFIT_SUMMARY;RESULTS.CHAIN.USERS;RESULTS.CHAIN.UTILIZATION_DESC;RESULTS.CHAIN.UTILIZATION_DOMAIN;WORK.PLAN.ACTIVITIES
HSRI-070,HSRI Knowledge Bank,กรณีศึกษา แนวปฏิบัติที่ดีในการดำเนินการตามกุญแจ PLEASE สู่การเป็น RDU Hospital,0,ชัยรัตน์ ฉายากุล,not in repository record,สถาบันวิจัยระบบสาธารณสุข,1,,,hdl 11228/4902; contract 58-048; id hs2424,2560,Technical Report,30,0ef691acc6ee0aeb1956a7e1a48782b893ee843607794b356bbb25ad5642e06c,https://kb.hsri.or.th/dspace/handle/11228/4902,0,0,0,0,1,3264,0,0,0,0,0,0,0,0,0,0,0,0,0,0,0,0,0,0,0,0,0,0,0,0,0,0,0,0,0,0,0,0,0,0,0,0,0,0,0,0,0,0,0,0,0,0,0,0,0,0,0,0,0,0,0,0,1,491,0,0,0,1,0,0,0,0,0,0,0,0,0,0,0,0,0,0,0,1,hanging-indent-estimate,0,0,CORE.ALIGNMENT.POLICY_PATHWAY;CORE.NARRATIVE.REFERENCES;CORE.NARRATIVE.SUMMARY
HSRI-071,HSRI Knowledge Bank,การประเมินผลการนำสู่การปฏิบัติของสามมาตรการเชิงนโยบายของการส่งเสริมสุขภาพสำหรับกลุ่มวัยทำงาน ในระหว่าง ปี 2556 - 2560,1,สุณี วงศ์คงคาเทพ,not in repository record,สถาบันวิจัยระบบสาธารณสุข,1,HSRI,HSRI;THAIHEALTH;NHSO,hdl 11228/5006; contract 60-068; id hs2460,2561,Technical Report,211,4c647137b0cc59699628f4ab6ee50ee100d874e6d8c21f851a378d2e3e6a7a08,https://kb.hsri.or.th/dspace/handle/11228/5006,0,0,0,0,1,6250,1,553,1,162,0,0,1,78220,0,0,0,0,1,2564,0,0,0,0,1,0,0,0,0,0,0,0,0,0,0,0,1,25510,1,8298,1,112037,1,28551,0,0,0,0,0,0,0,0,0,0,1,0,1,34406,1,14142,1,21590,1,11224,0,0,0,1,0,0,0,0,0,0,1,0,0,0,0,0,1,11,0,50,numbered,1,0,BUDGET.PLAN.TOTAL;COMP.STANDARD.HUMAN;CORE.ALIGNMENT.POLICY_PATHWAY;CORE.GENERAL.KEYWORDS_EN;CORE.GENERAL.KEYWORDS_TH;CORE.GENERAL.TOTAL_BUDGET;CORE.NARRATIVE.FRAMEWORK;CORE.NARRATIVE.METHOD;CORE.NARRATIVE.OBJECTIVES;CORE.NARRATIVE.RATIONALE;CORE.NARRATIVE.REFERENCES;CORE.NARRATIVE.SUMMARY;CORE.NARRATIVE.THEORY;CORE.RESEARCH.CONSTRUCTS;CORE.RESEARCH.GAP;CORE.RESEARCH.NATIONAL_NEED;CORE.RESEARCH.OBJECTIVES;CORE.RESEARCH.PROBLEM;CORE.RESEARCH.RELATIONSHIPS;CORE.RESEARCH.THEORETICAL_FOUNDATIONS;FUND.CALL.AGENCY;METHOD.PLAN.DESIGN;METHOD.PLAN.ETHICS;METHOD.PLAN.POPULATION;METHOD.PLAN.SAMPLE;RESULTS.CHAIN.IMPACTS;RESULTS.CHAIN.OUTCOMES;RESULTS.CHAIN.OUTPUTS;RESULTS.CHAIN.UTILIZATION_DESC;WORK.PLAN.ACTIVITIES
HSRI-072,HSRI Knowledge Bank,การศึกษารูปแบบการจ้างงาน แพทย์ ทันตแพทย์ เภสัชกร และพยาบาล ในภาครัฐของประเทศไทยในระยะ 15 ปีข้างหน้า,0,กฤษดา แสวงดี,not in repository record,สถาบันวิจัยระบบสาธารณสุข,0,,HSRI,hdl 11228/4988; contract 61-037; id hs2461,2561,Technical Report,73,23ea7e6f1d3eab7553fb6ab278241c44b3381bae8f21c6c9ed93a4e50af2c037,https://kb.hsri.or.th/dspace/handle/11228/4988,0,0,0,0,1,3961,0,0,0,0,0,0,0,0,0,0,0,0,1,43398,0,0,0,0,0,0,0,0,0,0,0,0,0,0,0,0,0,0,0,0,1,4334,0,0,0,0,0,0,0,0,0,0,0,0,0,0,1,7932,1,10,1,12708,0,0,1,15343,0,1,0,0,0,0,0,1,1,0,0,0,0,0,1,3,0,0,none,7,4,BUDGET.PLAN.TOTAL;COMP.STANDARD.HUMAN;CORE.ALIGNMENT.POLICY_PATHWAY;CORE.GENERAL.TOTAL_BUDGET;CORE.NARRATIVE.METHOD;CORE.NARRATIVE.OBJECTIVES;CORE.NARRATIVE.RATIONALE;CORE.NARRATIVE.SUMMARY;CORE.RESEARCH.NATIONAL_NEED;CORE.RESEARCH.OBJECTIVES;CORE.RESEARCH.PROBLEM;DOC.ATTACHMENTS.DOCUMENTS;METHOD.PLAN.DESIGN;METHOD.PLAN.ETHICS;RESULTS.CHAIN.UTILIZATION_DESC
HSRI-073,HSRI Knowledge Bank,การประเมินความคุ้มค่าและความเป็นไปได้ของบริการตรวจเพทซีทีในประเทศไทย,1,วิทธวัช พันธุมงคล,not in repository record,สถาบันวิจัยระบบสาธารณสุข,1,NHSO,HSRI;NHSO,hdl 11228/5179; contract 61-046; id hs2545,2562,Technical Report,283,452ff7d2ef3976e6786e6046258ae19d3bf0392f0c2c5eadb1c61c6fffd8a6e5,https://kb.hsri.or.th/dspace/handle/11228/5179,0,0,0,0,1,4767,1,976,0,0,1,2161,1,23012,0,0,0,0,1,464,0,0,1,2196,1,2292,0,0,0,0,0,0,0,0,0,0,1,1538,1,72754,1,9540,1,487,0,0,1,1335,1,9217,0,0,0,0,0,0,1,8892,1,79893,1,42087,1,0,1,99579,0,1,0,0,0,0,1,1,0,1,0,1,0,0,1,6,0,0,none,41,68,BUDGET.PLAN.TOTAL;CORE.ALIGNMENT.POLICY_PATHWAY;CORE.GENERAL.TOTAL_BUDGET;CORE.NARRATIVE.FRAMEWORK;CORE.NARRATIVE.METHOD;CORE.NARRATIVE.OBJECTIVES;CORE.NARRATIVE.RATIONALE;CORE.NARRATIVE.REFERENCES;CORE.NARRATIVE.SUMMARY;CORE.NARRATIVE.THEORY;CORE.RESEARCH.BOUNDARY_CONDITIONS;CORE.RESEARCH.CONSTRUCTS;CORE.RESEARCH.GAP;CORE.RESEARCH.NATIONAL_NEED;CORE.RESEARCH.OBJECTIVES;CORE.RESEARCH.PROBLEM;CORE.RESEARCH.RELATIONSHIPS;CORE.RESEARCH.THEORETICAL_FOUNDATIONS;DOC.ATTACHMENTS.DOCUMENTS;FUND.CALL.AGENCY;METHOD.PLAN.ANALYSIS;METHOD.PLAN.DATA_COLLECTION;METHOD.PLAN.DESIGN;METHOD.PLAN.POPULATION;METHOD.PLAN.QUALITY;METHOD.PLAN.SAMPLE;RESULTS.CHAIN.BENEFICIARIES;RESULTS.CHAIN.IMPACTS;RESULTS.CHAIN.OUTCOMES;RESULTS.CHAIN.OUTPUTS;RESULTS.CHAIN.UTILIZATION_DESC
HSRI-074,HSRI Knowledge Bank,การศึกษาสถานการณ์และรูปแบบระบบบริการที่เป็นมิตรสำหรับคนต่างด้าวในประเทศไทย,1,จิราลักษณ์ นนทารักษ์,not in repository record,สถาบันวิจัยระบบสาธารณสุข,1,HSRI,HSRI,hdl 11228/5437; contract 62-065;62-066; id hs2726,2562,Technical Report,109,6e7ba6e4a1e14284920d26d946c3c2af0c8563680eb065af6535b2338ec282c1,https://kb.hsri.or.th/dspace/handle/11228/5437,0,0,0,0,1,6656,0,0,0,0,1,1636,1,16964,0,0,0,0,1,817,0,0,0,0,1,582,0,0,0,0,0,0,1,811,0,0,0,0,1,7027,1,10628,1,17785,0,0,1,9903,0,0,0,0,0,0,1,1067,1,5100,1,68208,1,13945,1,18446,1,0,0,1,0,0,0,0,0,1,1,0,1,0,0,1,1,4,0,23,numbered,27,7,BUDGET.PLAN.TOTAL;COMP.STANDARD.HUMAN;CORE.ALIGNMENT.POLICY_PATHWAY;CORE.GENERAL.TOTAL_BUDGET;CORE.NARRATIVE.FRAMEWORK;CORE.NARRATIVE.METHOD;CORE.NARRATIVE.OBJECTIVES;CORE.NARRATIVE.RATIONALE;CORE.NARRATIVE.REFERENCES;CORE.NARRATIVE.SUMMARY;CORE.NARRATIVE.THEORY;CORE.RESEARCH.CONSTRUCTS;CORE.RESEARCH.GAP;CORE.RESEARCH.NATIONAL_NEED;CORE.RESEARCH.OBJECTIVES;CORE.RESEARCH.PROBLEM;CORE.RESEARCH.RELATIONSHIPS;CORE.RESEARCH.THEORETICAL_FOUNDATIONS;DOC.ATTACHMENTS.DOCUMENTS;METHOD.PLAN.DATA_COLLECTION;METHOD.PLAN.DESIGN;METHOD.PLAN.ETHICS;METHOD.PLAN.POPULATION;METHOD.PLAN.QUALITY;METHOD.PLAN.SAMPLE;RESULTS.CHAIN.BENEFIT_SUMMARY;RESULTS.CHAIN.UTILIZATION_DESC;WORK.PLAN.ACTIVITIES
HSRI-075,HSRI Knowledge Bank,ทางเลือกของการบริหารจัดการคลินิกชุมชนอบอุ่นในระบบหลักประกันสุขภาพแห่งชาติในเขตกรุงเทพมหานคร,1,จิรุตม์ ศรีรัตนบัลล์,not in repository record,สถาบันวิจัยระบบสาธารณสุข,1,HSRI;NHSO,HSRI;NHSO,hdl 11228/5314; id hs2630,2563,Technical Report,65,698c1fef610b28d80b77e424af1da83887e7f190a66f2ffa48796e260cc5a75c,https://kb.hsri.or.th/dspace/handle/11228/5314,0,0,0,0,1,7797,1,845,0,0,1,21013,0,0,1,1031,0,0,1,255,0,0,1,192,0,0,0,0,0,0,0,0,1,920,0,0,1,20467,0,0,1,20321,0,0,0,0,0,0,0,0,0,0,0,0,1,50,1,1725,1,5619,1,1257,0,0,0,0,0,1,0,0,0,0,0,1,0,0,0,1,0,0,1,2,4,0,none,6,21,BUDGET.PLAN.TOTAL;CORE.ALIGNMENT.POLICY_PATHWAY;CORE.GENERAL.TOTAL_BUDGET;CORE.NARRATIVE.METHOD;CORE.NARRATIVE.OBJECTIVES;CORE.NARRATIVE.RATIONALE;CORE.NARRATIVE.SUMMARY;CORE.RESEARCH.BOUNDARY_CONDITIONS;CORE.RESEARCH.NATIONAL_NEED;CORE.RESEARCH.OBJECTIVES;CORE.RESEARCH.PROBLEM;CORE.RESEARCH.RQ.PRIMARY;CORE.RESEARCH.RQ.SECONDARY;FUND.CALL.AGENCY;METHOD.PLAN.DESIGN;METHOD.PLAN.QUALITY;RESULTS.CHAIN.BENEFIT_SUMMARY;RESULTS.CHAIN.IMPACTS;RESULTS.CHAIN.OUTCOMES;RESULTS.CHAIN.OUTPUTS;RESULTS.CHAIN.UTILIZATION_DESC;WORK.PLAN.ACTIVITIES
HSRI-076,HSRI Knowledge Bank,ต้นแบบการใช้แอปพลิเคชันคุณลูกเพื่อส่งเสริมสุขภาพเด็กที่คลินิกสุขภาพเด็กดี,1,รสวันต์ อารีมิตร,not in repository record,สถาบันวิจัยระบบสาธารณสุข,1,HSRI,HSRI,hdl 11228/5323; contract 62-049; id hs2650,2563,Technical Report,243,d79e40a396becc29f9ac18dfa40aea53b8db0179e246a41e4423e34d4c234763,https://kb.hsri.or.th/dspace/handle/11228/5323,1,8,1,1006,1,4408,1,1830,0,0,1,3712,1,4637,0,0,0,0,1,18036,0,0,1,1270,0,0,0,0,0,0,0,0,1,433,0,0,0,0,1,15572,1,21727,0,0,0,0,0,0,1,1628,0,0,0,0,1,96495,1,940,1,51501,1,22293,1,6529,0,0,0,0,1,0,0,0,0,1,1,0,0,1,0,0,1,16,0,29,numbered,54,4,BUDGET.PLAN.TOTAL;COMP.STANDARD.HUMAN;CORE.ALIGNMENT.POLICY_PATHWAY;CORE.GENERAL.MASTER_PLAN;CORE.GENERAL.TOTAL_BUDGET;CORE.NARRATIVE.METHOD;CORE.NARRATIVE.OBJECTIVES;CORE.NARRATIVE.RATIONALE;CORE.NARRATIVE.REFERENCES;CORE.NARRATIVE.SUMMARY;CORE.NARRATIVE.THEORY;CORE.RESEARCH.BOUNDARY_CONDITIONS;CORE.RESEARCH.GAP;CORE.RESEARCH.NATIONAL_NEED;CORE.RESEARCH.OBJECTIVES;CORE.RESEARCH.PROBLEM;CORE.RESEARCH.THEORETICAL_FOUNDATIONS;FUND.CALL.AGENCY;METHOD.PLAN.ANALYSIS;METHOD.PLAN.DESIGN;METHOD.PLAN.ETHICS;METHOD.PLAN.QUALITY;RESULTS.CHAIN.BENEFIT_SUMMARY;RESULTS.CHAIN.UTILIZATION_DESC;WORK.PLAN.ACTIVITIES
HSRI-077,HSRI Knowledge Bank,การเฝ้าระวังโรคติดเชื้อไวรัสโคโรนา 2019 ในบ่อบำบัดน้ำเสียบริเวณจังหวัดที่พบผู้ป่วยยืนยันการติดเชื้อ,1,รัตนพร ตั้งวังวิวัฒน์,not in repository record,สถาบันวิจัยระบบสาธารณสุข,1,HSRI,HSRI,hdl 11228/5530; contract 64-077; id hs2776,2564,Technical Report,55,3fb6faf346e8e84682d8b8924bd95b39ad17e546056cc5d2ee849aae9ed54245,https://kb.hsri.or.th/dspace/handle/11228/5530,1,2381,1,1552,0,0,1,1153,1,112,0,0,0,0,0,0,0,0,1,364,0,0,0,0,0,0,0,0,0,0,0,0,0,0,0,0,0,0,0,0,1,2137,1,383,0,0,1,1297,1,1200,0,0,0,0,1,1171,1,2307,1,27470,1,3940,1,2306,1,888,0,0,0,0,0,0,0,1,0,0,0,0,0,0,0,4,0,11,numbered,12,22,CORE.GENERAL.KEYWORDS_EN;CORE.GENERAL.KEYWORDS_TH;CORE.NARRATIVE.METHOD;CORE.NARRATIVE.OBJECTIVES;CORE.NARRATIVE.RATIONALE;CORE.NARRATIVE.REFERENCES;CORE.NARRATIVE.SUMMARY;CORE.RESEARCH.NATIONAL_NEED;CORE.RESEARCH.OBJECTIVES;CORE.RESEARCH.PROBLEM;DOC.ATTACHMENTS.DOCUMENTS;FUND.CALL.AGENCY;METHOD.PLAN.ANALYSIS;METHOD.PLAN.DATA_COLLECTION;METHOD.PLAN.DESIGN;METHOD.PLAN.POPULATION;METHOD.PLAN.SAMPLE;RESULTS.CHAIN.UTILIZATION_DESC;WORK.PLAN.ACTIVITIES
HSRI-078,HSRI Knowledge Bank,การพัฒนาเครื่องมือการประเมินสมรรถนะการดูแลการใช้ยาต้านจุลชีพของนักเรียนแพทย์ เภสัชกร และสัตวแพทย์ก่อนสำเร็จการศึกษาในประเทศไทย,1,Rungpetch Sakulbumrungsil,not in repository record,"Ministry of Public Health, World Health Organization, Thai Health Promotion Foundation, Health Systems Research Institute, National Health Security Office, Health Intervention and Technology Assessment Program, Food and Drug Administration",1,HSRI;THAIHEALTH,HSRI;THAIHEALTH,hdl 11228/5555; contract 63-148; id he0149,2564,Technical Report,296,13b0adae7c9795d06cb8bc37d25cee3d2f78920907a80877eabb2cd6175dcdde,https://kb.hsri.or.th/dspace/handle/11228/5555,0,0,0,0,0,0,0,0,0,0,1,3967,0,0,0,0,0,0,0,0,0,0,1,0,1,0,0,0,0,0,0,0,0,0,0,0,1,31164,1,36002,1,12160,1,4185,0,0,1,822,1,206,0,0,0,0,0,0,1,460,1,81610,1,7812,1,10945,1,212388,0,1,0,0,0,1,0,1,0,1,0,0,1,0,0,0,0,32,hanging-indent-estimate,29,1,CORE.ALIGNMENT.POLICY_PATHWAY;CORE.NARRATIVE.FRAMEWORK;CORE.NARRATIVE.METHOD;CORE.NARRATIVE.RATIONALE;CORE.NARRATIVE.REFERENCES;CORE.NARRATIVE.THEORY;CORE.RESEARCH.BOUNDARY_CONDITIONS;CORE.RESEARCH.CONSTRUCTS;CORE.RESEARCH.GAP;CORE.RESEARCH.NATIONAL_NEED;CORE.RESEARCH.PROBLEM;CORE.RESEARCH.RELATIONSHIPS;CORE.RESEARCH.THEORETICAL_FOUNDATIONS;DOC.ATTACHMENTS.DOCUMENTS;METHOD.PLAN.ANALYSIS;METHOD.PLAN.DATA_COLLECTION;METHOD.PLAN.DESIGN;METHOD.PLAN.POPULATION;METHOD.PLAN.QUALITY;METHOD.PLAN.SAMPLE;RESULTS.CHAIN.IMPACTS;RESULTS.CHAIN.OUTCOMES;RESULTS.CHAIN.OUTPUTS;RESULTS.CHAIN.USERS;RESULTS.CHAIN.UTILIZATION_DESC
HSRI-079,HSRI Knowledge Bank,เภสัชพันธุศาสตร์ ในผู้ป่วยไทยที่ได้รับการปลูกถ่ายไต,1,"ชาครีย์ กิติยากร, หม่อมหลวง",not in repository record,สถาบันวิจัยระบบสาธารณสุข,1,HSRI,HSRI,hdl 11228/5866; contract 64-142; id hs2967,2565,Technical Report,30,e5720f3824ae4587333c0b6d28201a18ae4bf6aa85841010ca58ea721c591e90,https://kb.hsri.or.th/dspace/handle/11228/5866,1,8,0,0,0,0,1,577,1,111,0,0,0,0,0,0,0,0,1,873,0,0,1,585,0,0,0,0,0,0,0,0,0,0,0,0,0,0,0,0,1,19088,1,7,0,0,1,595,1,2134,0,0,0,0,1,6928,1,2570,1,8191,1,2904,1,1701,0,0,0,0,0,0,0,0,0,1,0,1,0,0,0,0,0,5,0,9,numbered,2,8,CORE.GENERAL.KEYWORDS_EN;CORE.GENERAL.KEYWORDS_TH;CORE.NARRATIVE.METHOD;CORE.NARRATIVE.OBJECTIVES;CORE.NARRATIVE.RATIONALE;CORE.NARRATIVE.REFERENCES;CORE.NARRATIVE.SUMMARY;CORE.RESEARCH.BOUNDARY_CONDITIONS;CORE.RESEARCH.NATIONAL_NEED;CORE.RESEARCH.OBJECTIVES;CORE.RESEARCH.PROBLEM;FUND.CALL.AGENCY;METHOD.PLAN.ANALYSIS;METHOD.PLAN.DATA_COLLECTION;METHOD.PLAN.DESIGN;METHOD.PLAN.POPULATION;METHOD.PLAN.SAMPLE;RESULTS.CHAIN.UTILIZATION_DESC;WORK.PLAN.ACTIVITIES
HSRI-080,HSRI Knowledge Bank,แผ่นปิดกะโหลกศีรษะเฉพาะบุคคล ผลิตจากโลหะไทเทเนียมด้วยเทคโนโลยีการพิมพ์ 3 มิติ สำหรับผู้ป่วยกะโหลกศีรษะยุบในการศึกษาวิจัยทางคลินิกแบบหลายสถาบัน,1,บุญรัตน์ โล่ห์วงศ์วัฒน,not in repository record,สถาบันวิจัยระบบสาธารณสุข,1,HSRI;NHSO,HSRI;NHSO,hdl 11228/5818; contract 63-141; id hs2939,2565,Technical Report,138,96eaf7b66419bb885373601b2077def2dae33a5d3c29f2152b786897201b840e,https://kb.hsri.or.th/dspace/handle/11228/5818,1,4700,1,4726,0,0,1,1392,1,163,1,0,0,0,0,0,0,0,1,890,0,0,0,0,1,0,0,0,1,107,0,0,1,767,0,0,1,2627,1,12715,1,5757,1,24982,0,0,1,15850,1,5661,0,0,0,0,1,0,1,7086,1,70916,1,42732,1,4043,0,0,0,0,0,0,0,1,0,1,1,1,1,0,1,0,1,5,0,28,numbered,29,26,BUDGET.PLAN.TOTAL;COMP.STANDARD.HUMAN;CORE.ALIGNMENT.POLICY_PATHWAY;CORE.GENERAL.KEYWORDS_EN;CORE.GENERAL.KEYWORDS_TH;CORE.GENERAL.TOTAL_BUDGET;CORE.NARRATIVE.FRAMEWORK;CORE.NARRATIVE.METHOD;CORE.NARRATIVE.OBJECTIVES;CORE.NARRATIVE.RATIONALE;CORE.NARRATIVE.REFERENCES;CORE.NARRATIVE.SUMMARY;CORE.NARRATIVE.THEORY;CORE.RESEARCH.CONSTRUCTS;CORE.RESEARCH.GAP;CORE.RESEARCH.NATIONAL_NEED;CORE.RESEARCH.OBJECTIVES;CORE.RESEARCH.PROBLEM;CORE.RESEARCH.RELATIONSHIPS;CORE.RESEARCH.THEORETICAL_FOUNDATIONS;FUND.CALL.AGENCY;GEO.AREA.RESEARCH_USERS;METHOD.PLAN.ANALYSIS;METHOD.PLAN.DATA_COLLECTION;METHOD.PLAN.DESIGN;METHOD.PLAN.ETHICS;METHOD.PLAN.POPULATION;METHOD.PLAN.QUALITY;METHOD.PLAN.SAMPLE;RESULTS.CHAIN.BENEFIT_SUMMARY;RESULTS.CHAIN.IMPACTS;RESULTS.CHAIN.OUTCOMES;RESULTS.CHAIN.OUTPUTS;RESULTS.CHAIN.USERS;RESULTS.CHAIN.UTILIZATION_DESC;WORK.PLAN.ACTIVITIES
HSRI-081,HSRI Knowledge Bank,ประสิทธิผลการฝึกจัดการความเครียดด้วยวิธีการฝึกหายใจและการฝึกสติต่อหน้าที่บริหารจัดการของสมองและคลื่นไฟฟ้าสมองในกลุ่มพยาบาลวิชาชีพที่ทำงานในเขตสุขภาพที่ 4,1,ยงยุทธ วงศ์ภิรมย์ศานติ์,not in repository record,สถาบันวิจัยระบบสาธารณสุข,1,HSRI,HSRI,hdl 11228/6027; contract 66-026; id hs3080,2566,Technical Report,156,6bdf5cd6f94f8f6544d3f2330745b402e56534b2840e27278c82f68412bdac23,https://kb.hsri.or.th/dspace/handle/11228/6027,1,1971,1,1719,0,0,1,886,1,176,0,0,0,0,0,0,1,639,1,878,0,0,0,0,1,914,1,3875,0,0,0,0,1,448,0,0,0,0,1,0,1,10431,1,6794,1,3289,1,4341,1,1873,0,0,0,0,0,0,1,9810,1,21918,1,13322,1,35262,1,1202,0,0,0,0,0,0,0,0,1,1,0,0,1,0,0,6,0,173,hanging-indent-estimate,15,33,COMP.STANDARD.HUMAN;CORE.GENERAL.KEYWORDS_EN;CORE.GENERAL.KEYWORDS_TH;CORE.NARRATIVE.FRAMEWORK;CORE.NARRATIVE.METHOD;CORE.NARRATIVE.OBJECTIVES;CORE.NARRATIVE.RATIONALE;CORE.NARRATIVE.REFERENCES;CORE.NARRATIVE.SUMMARY;CORE.NARRATIVE.THEORY;CORE.RESEARCH.CONSTRUCTS;CORE.RESEARCH.GAP;CORE.RESEARCH.HYPOTHESES;CORE.RESEARCH.NATIONAL_NEED;CORE.RESEARCH.OBJECTIVES;CORE.RESEARCH.PROBLEM;CORE.RESEARCH.RELATIONSHIPS;CORE.RESEARCH.THEORETICAL_FOUNDATIONS;DOC.ATTACHMENTS.DOCUMENTS;FUND.CALL.AGENCY;METHOD.PLAN.ANALYSIS;METHOD.PLAN.DATA_COLLECTION;METHOD.PLAN.DESIGN;METHOD.PLAN.ETHICS;METHOD.PLAN.INSTRUMENTS;METHOD.PLAN.POPULATION;METHOD.PLAN.QUALITY;METHOD.PLAN.SAMPLE;METHOD.PLAN.VARIABLES;RESULTS.CHAIN.BENEFIT_SUMMARY
HSRI-082,HSRI Knowledge Bank,การประเมินประสิทธิภาพการขับเคลื่อนธรรมนูญสุขภาพพื้นที่ในการเฝ้าระวังการแพร่ระบาดของโรคโคโรน่าไวรัส-2019 พื้นที่เขตสุขภาพ 10,1,ปวีณา ลิมปิทีปราการ,not in repository record,สถาบันวิจัยระบบสาธารณสุข,1,HSRI,HSRI,hdl 11228/6011; contract 66-008; id hs3070,2566,Technical Report,374,99130babc2e3be6790f95c2b83a52875f1684f1230ec9f9a5398e5990215bb84,https://kb.hsri.or.th/dspace/handle/11228/6011,1,4445,1,5525,1,4558,1,1557,1,155,1,13352,1,3017,0,0,0,0,1,575,0,0,1,222,1,1262,1,2447,0,0,0,0,0,0,0,0,1,62391,1,66467,1,17941,1,2957,1,13994,0,0,1,1481,1,763,1,89782,1,3626,1,2934,1,180340,1,20811,1,72817,1,0,0,1,1,0,0,0,0,1,1,0,1,1,0,1,1,5,0,255,numbered,42,3,BUDGET.PLAN.ITEMS;BUDGET.PLAN.TOTAL;COMP.STANDARD.HUMAN;COMP.STANDARD.RESEARCH_ETHICS;CORE.ALIGNMENT.POLICY_PATHWAY;CORE.GENERAL.KEYWORDS_EN;CORE.GENERAL.KEYWORDS_TH;CORE.GENERAL.MASTER_PLAN;CORE.GENERAL.TOTAL_BUDGET;CORE.NARRATIVE.FRAMEWORK;CORE.NARRATIVE.METHOD;CORE.NARRATIVE.OBJECTIVES;CORE.NARRATIVE.RATIONALE;CORE.NARRATIVE.REFERENCES;CORE.NARRATIVE.SUMMARY;CORE.NARRATIVE.THEORY;CORE.RESEARCH.BOUNDARY_CONDITIONS;CORE.RESEARCH.CONSTRUCTS;CORE.RESEARCH.GAP;CORE.RESEARCH.NATIONAL_NEED;CORE.RESEARCH.OBJECTIVES;CORE.RESEARCH.PROBLEM;CORE.RESEARCH.RELATIONSHIPS;CORE.RESEARCH.THEORETICAL_FOUNDATIONS;DOC.ATTACHMENTS.DOCUMENTS;FUND.CALL.AGENCY;METHOD.PLAN.ANALYSIS;METHOD.PLAN.DESIGN;METHOD.PLAN.ETHICS;METHOD.PLAN.INSTRUMENTS;METHOD.PLAN.POPULATION;METHOD.PLAN.QUALITY;METHOD.PLAN.SAMPLE;METHOD.PLAN.VARIABLES;RESULTS.CHAIN.IMPACTS;RESULTS.CHAIN.OUTCOMES;RESULTS.CHAIN.OUTPUTS;RESULTS.CHAIN.UTILIZATION_DESC;WORK.PLAN.ACTIVITIES
HSRI-083,HSRI Knowledge Bank,การศึกษาบทบาทหน้าที่ของคณะกรรมการสุขภาพระดับพื้นที่ (กสพ.) ภายหลังการถ่ายโอนโรงพยาบาลส่งเสริมสุขภาพตำบลในองค์การบริหารส่วนจังหวัด : กรณีศึกษาจังหวัดน่าน ระยอง ปราจีนบุรี นครราชสีมา สงขลา และภูเก็ต,1,ชัญญาวีร์ ไชยวงศ์,not in repository record,สถาบันวิจัยระบบสาธารณสุข,1,HSRI,HSRI;NHSO,hdl 11228/6231; contract 67-064; id hs3234,2567,Technical Report,139,f0f78b3177e3396cb2f502b1bc1f858fde829773b2885b5322f5e92a062d6a37,https://kb.hsri.or.th/dspace/handle/11228/6231,1,2737,1,3650,1,16614,1,1197,1,158,1,15314,1,9592,0,0,0,0,1,30600,0,0,1,941,1,961,0,0,0,0,0,0,0,0,1,1955,0,0,1,53530,1,9613,0,0,0,0,0,0,1,1969,0,0,0,0,0,0,1,16498,1,67525,1,22320,1,0,1,32905,1,1,0,0,0,1,0,1,1,1,1,1,1,0,1,9,0,0,none,18,6,BUDGET.PLAN.TOTAL;COMP.STANDARD.HUMAN;CORE.ALIGNMENT.FUND_SELECTION;CORE.ALIGNMENT.POLICY_PATHWAY;CORE.GENERAL.KEYWORDS_EN;CORE.GENERAL.KEYWORDS_TH;CORE.GENERAL.TOTAL_BUDGET;CORE.NARRATIVE.FRAMEWORK;CORE.NARRATIVE.METHOD;CORE.NARRATIVE.OBJECTIVES;CORE.NARRATIVE.RATIONALE;CORE.NARRATIVE.REFERENCES;CORE.NARRATIVE.SUMMARY;CORE.NARRATIVE.THEORY;CORE.RESEARCH.BOUNDARY_CONDITIONS;CORE.RESEARCH.CONSTRUCTS;CORE.RESEARCH.GAP;CORE.RESEARCH.NATIONAL_NEED;CORE.RESEARCH.OBJECTIVES;CORE.RESEARCH.PROBLEM;CORE.RESEARCH.RELATIONSHIPS;CORE.RESEARCH.THEORETICAL_FOUNDATIONS;DOC.ATTACHMENTS.DOCUMENTS;FUND.CALL.AGENCY;FUND.CALL.KEY_RESULTS;METHOD.PLAN.ANALYSIS;METHOD.PLAN.DESIGN;METHOD.PLAN.ETHICS;METHOD.PLAN.QUALITY;METHOD.PLAN.SAMPLE;RESULTS.CHAIN.USERS;RESULTS.CHAIN.UTILIZATION_DESC;RESULTS.CHAIN.UTILIZATION_DOMAIN
HSRI-084,HSRI Knowledge Bank,การติดตามประเมินผลการจัดระบบบริการสุขภาพผู้สูงอายุติดเตียง และพึ่งพิงระดับปฐมภูมิ ภายหลังการถ่ายโอนโรงพยาบาลส่งเสริมสุขภาพตำบลไปยังองค์การบริหารส่วนจังหวัด,1,อัจฉราวดี ศรียะศักดิ์,not in repository record,สถาบันวิจัยระบบสาธารณสุข,1,HSRI,HSRI;NHSO,hdl 11228/6230; contract 67-070; id hs3233,2567,Technical Report,219,a6e24dc06d7c3cd778057dd5c91d82a27ed4f38960707b20c2489f964642c195,https://kb.hsri.or.th/dspace/handle/11228/6230,1,7228,1,3873,1,28926,1,1571,1,162,0,0,1,488,0,0,0,0,1,63596,0,0,1,687,1,2392,1,782,0,0,0,0,0,0,1,35,1,12266,1,49450,1,6595,1,7329,1,1164,1,1004,1,1183,1,443,1,1162,1,75,1,934,1,26729,1,58374,1,6778,1,11385,0,1,0,0,0,0,0,1,1,1,0,1,1,0,1,17,0,32,hanging-indent-estimate,13,2,BUDGET.PLAN.ITEMS;BUDGET.PLAN.TOTAL;COMP.STANDARD.HUMAN;COMP.STANDARD.RESEARCH_ETHICS;CORE.ALIGNMENT.POLICY_PATHWAY;CORE.GENERAL.KEYWORDS_EN;CORE.GENERAL.KEYWORDS_TH;CORE.GENERAL.TOTAL_BUDGET;CORE.NARRATIVE.FRAMEWORK;CORE.NARRATIVE.METHOD;CORE.NARRATIVE.OBJECTIVES;CORE.NARRATIVE.RATIONALE;CORE.NARRATIVE.REFERENCES;CORE.NARRATIVE.SUMMARY;CORE.NARRATIVE.THEORY;CORE.RESEARCH.BOUNDARY_CONDITIONS;CORE.RESEARCH.CONSTRUCTS;CORE.RESEARCH.GAP;CORE.RESEARCH.NATIONAL_NEED;CORE.RESEARCH.OBJECTIVES;CORE.RESEARCH.PROBLEM;CORE.RESEARCH.RELATIONSHIPS;CORE.RESEARCH.THEORETICAL_FOUNDATIONS;DOC.ATTACHMENTS.DOCUMENTS;FUND.CALL.AGENCY;METHOD.PLAN.ANALYSIS;METHOD.PLAN.DATA_COLLECTION;METHOD.PLAN.DESIGN;METHOD.PLAN.ETHICS;METHOD.PLAN.INSTRUMENTS;METHOD.PLAN.POPULATION;METHOD.PLAN.QUALITY;METHOD.PLAN.SAMPLE;METHOD.PLAN.VARIABLES;RESULTS.CHAIN.IMPACTS;RESULTS.CHAIN.OUTCOMES;RESULTS.CHAIN.OUTPUTS;RESULTS.CHAIN.UTILIZATION_DESC;RESULTS.CHAIN.UTILIZATION_DOMAIN;WORK.PLAN.ACTIVITIES
HSRI-085,HSRI Knowledge Bank,การวิเคราะห์ทางเศรษฐศาสตร์และการประเมินผลตอบแทนทางสังคมของเศรษฐกิจสุขภาพในประเทศไทย,1,พรพจน์ ศรีดัน,not in repository record,สถาบันวิจัยระบบสาธารณสุข,1,HSRI,HSRI,hdl 11228/6387; contract 68-014; id hs3344,2568,Technical Report,1067,115b62dd40b04657d9d2e386e373ee51d65e1f3c5b2b1bf107132f5d4f0271ba,https://kb.hsri.or.th/dspace/handle/11228/6387,1,4506,1,2697,1,19542,1,3455,0,0,1,93628,1,68081,0,0,0,0,1,525,0,0,1,1684,1,2642,1,132459,0,0,0,0,0,0,1,887,1,151105,1,37205,1,13116,1,11863,1,71036,1,1723,0,0,1,23637,0,0,1,16267,1,16457,1,852201,1,266303,1,26194,1,18,1,1,1,0,0,1,1,1,0,1,0,1,0,1,1,6,0,150,hanging-indent-estimate,208,67,BUDGET.PLAN.TOTAL;COMP.STANDARD.RESEARCH_ETHICS;CORE.ALIGNMENT.FUND_SELECTION;CORE.ALIGNMENT.POLICY_PATHWAY;CORE.GENERAL.MASTER_PLAN;CORE.GENERAL.TOTAL_BUDGET;CORE.NARRATIVE.FRAMEWORK;CORE.NARRATIVE.METHOD;CORE.NARRATIVE.OBJECTIVES;CORE.NARRATIVE.RATIONALE;CORE.NARRATIVE.REFERENCES;CORE.NARRATIVE.SUMMARY;CORE.NARRATIVE.THEORY;CORE.RESEARCH.BOUNDARY_CONDITIONS;CORE.RESEARCH.CONSTRUCTS;CORE.RESEARCH.GAP;CORE.RESEARCH.NATIONAL_NEED;CORE.RESEARCH.OBJECTIVES;CORE.RESEARCH.PROBLEM;CORE.RESEARCH.RELATIONSHIPS;CORE.RESEARCH.THEORETICAL_FOUNDATIONS;DOC.ATTACHMENTS.DOCUMENTS;FUND.CALL.AGENCY;FUND.CALL.KEY_RESULTS;METHOD.PLAN.DATA_COLLECTION;METHOD.PLAN.DESIGN;METHOD.PLAN.ETHICS;METHOD.PLAN.INSTRUMENTS;METHOD.PLAN.POPULATION;METHOD.PLAN.QUALITY;METHOD.PLAN.SAMPLE;METHOD.PLAN.VARIABLES;RESULTS.CHAIN.BENEFICIARIES;RESULTS.CHAIN.IMPACTS;RESULTS.CHAIN.OUTCOMES;RESULTS.CHAIN.OUTPUTS;RESULTS.CHAIN.USERS;RESULTS.CHAIN.UTILIZATION_DESC;RESULTS.CHAIN.UTILIZATION_DOMAIN;WORK.PLAN.ACTIVITIES
HSRI-086,HSRI Knowledge Bank,การสำรวจสุขภาพประชาชนไทยโดยการตรวจร่างกาย ครั้งที่ 7 พ.ศ. 2567-2568,0,เริงฤดี ปธานวนิช,not in repository record,สถาบันวิจัยระบบสาธารณสุข,0,,HSRI,hdl 11228/6360; contract 68-085; id hs3330,2568,Technical Report,359,af19c6cbf3b4d86cca903757a29babc9a9e6f79fd4064ec1ba891576f1f6199f,https://kb.hsri.or.th/dspace/handle/11228/6360,1,0,1,3033,0,0,0,0,0,0,0,0,1,6881,0,0,0,0,1,734,0,0,0,0,0,0,0,0,0,0,0,0,1,5794,0,0,0,0,0,0,1,2130,0,0,0,0,0,0,0,0,0,0,0,0,0,0,1,38011,1,65487,1,213343,1,10162,0,0,0,1,0,0,0,0,0,1,0,1,0,1,0,0,0,4,0,92,numbered,77,301,CORE.ALIGNMENT.POLICY_PATHWAY;CORE.NARRATIVE.METHOD;CORE.NARRATIVE.OBJECTIVES;CORE.NARRATIVE.RATIONALE;CORE.NARRATIVE.REFERENCES;CORE.NARRATIVE.SUMMARY;CORE.RESEARCH.NATIONAL_NEED;CORE.RESEARCH.OBJECTIVES;CORE.RESEARCH.PROBLEM;METHOD.PLAN.DESIGN;METHOD.PLAN.QUALITY;METHOD.PLAN.SAMPLE;RESULTS.CHAIN.BENEFIT_SUMMARY;RESULTS.CHAIN.UTILIZATION_DESC
HSRI-095,HSRI Knowledge Bank,การสร้างภูมิคุ้มกันสำหรับเด็ก เยาวชน และครอบครัว,1,สุมาลี ประทุมนันท์,not in repository record,"แผนงานพัฒนาระบบสุขภาพชุมชนภายใต้ความร่วมมือระหว่างรัฐบาลไทยกับองค์การอนามัยโลก, สถาบันวิจัยระบบสาธารณสุข",0,,THAIHEALTH,hdl 11228/3680; id,2555,Document,45,109bb5b5c0eef90af9cdc450ad9a5ab800ba78d1a4bedaa97a9fdcf4c80815a0,https://kb.hsri.or.th/dspace/handle/11228/3680,0,0,0,0,0,0,0,0,0,0,0,0,0,0,0,0,0,0,0,0,0,0,0,0,0,0,0,0,0,0,0,0,0,0,0,0,0,0,0,0,0,0,0,0,0,0,0,0,0,0,0,0,0,0,0,0,0,0,0,0,0,0,0,0,1,22113,0,1,0,0,0,0,0,1,0,0,0,1,0,0,0,0,0,0,none,0,0,CORE.ALIGNMENT.POLICY_PATHWAY;DOC.ATTACHMENTS.DOCUMENTS;METHOD.PLAN.QUALITY;RESULTS.CHAIN.UTILIZATION_DESC
